Date,Open,High,Low,LTP,no,tl
4/30/2019,734,734,700,705,"7,935","35,250.00"
4/29/2019,723,723,700,720,"13,637","5,46,440.00"
4/28/2019,737,755,721,723,"16,855","1,88,964.00"
4/25/2019,722,735,722,723,"16,914","88,929.00"
4/24/2019,720,732,720,722,"17,286","15,884.00"
4/23/2019,711,735,697,727,"25,602","1,45,400.00"
4/22/2019,696,741,696,710,"52,924","2,13,000.00"
4/21/2019,622,683,621,683,"14,140","68,300.00"
4/18/2019,601,625,598,621,"7,571","62,100.00"
4/17/2019,595,610,597,600,"4,817","29,07,736.00"
4/16/2019,584,597,584,595,"4,704","11,900.00"
4/15/2019,585,588,580,587,"2,164","58,700.00"
4/11/2019,592,594,590,591,"4,175","36,642.00"
4/10/2019,592,597,584,590,"3,391","17,700.00"
4/9/2019,592,599,585,592,"7,624","17,760.00"
4/8/2019,585,602,587,592,"7,535","44,79,622.00"
4/7/2019,584,585,573,585,"8,125","52,380.00"
4/4/2019,575,580,569,574,4073,1.18656
4/3/2019,580,591,571,579,7791,0.579
4/2/2019,567,584,567,583,18598,0.4988
4/1/2019,557,569,557,567,7755,1.4175
3/31/2019,579,579,565,565,7189,0.60102
3/28/2019,563,574,563,568,4230,0.2272
3/27/2019,564,574,555,570,3764,21.4307
3/26/2019,570,570,560,564,2659,1.128
3/25/2019,555,572,552,568,6320,0.0568
3/24/2019,571,571,555,558,5624,0.3627
3/21/2019,577,580,567,571,6187,0.1142
3/19/2019,580,590,577,577,5041,0.08655
3/18/2019,583,587,582,583,6976,0.08176
3/17/2019,575,591,575,583,11221,1.166
3/14/2019,576,576,560,574,6842,0.572
3/13/2019,570,572,562,564,8800,0.3955
3/12/2019,542,566,540,566,"13,279","1,01,880.00"
3/11/2019,535,541,535,540,"9,615","43,200.00"
3/10/2019,530,535,528,535,244,"10,700.00"
3/7/2019,535,536,530,533,"6,406","53,300.00"
3/6/2019,528,532,528,532,"5,029","11,172.00"
3/5/2019,524,530,520,528,"7,650","26,400.00"
3/3/2019,521,531,521,525,"5,559","26,250.00"
2/27/2019,525,534,525,530,2368,0.159
2/26/2019,534,534,524,530,2402,0.053
2/25/2019,527,529,521,525,7089,1.90774
2/24/2019,534,534,525,527,6349,0.92225
2/21/2019,539,540,534,534,7405,0.49128
2/20/2019,540,540,530,534,2409,0.3738
2/19/2019,530,540,528,534,1919,0.4005
2/18/2019,537,537,527,528,5840,0.264
2/17/2019,537,542,528,536,6723,0.1072
2/14/2019,543,544,531,536,6255,0.054
2/13/2019,552,555,541,542,4235,0.1084
2/12/2019,550,551,547,547,4004,0.2188
2/11/2019,554,555,545,551,4352,0.551
2/10/2019,557,558,550,550,3855,0.055
2/7/2019,561,561,555,556,2152,0.1668
2/6/2019,555,560,553,556,3455,1.112
2/5/2019,551,570,550,556,4021,0.36335
2/4/2019,556,564,555,557,5934,0.2785
2/3/2019,568,569,564,564,3165,1.82172
1/31/2019,562,572,562,565,2462,0.565
1/30/2019,563,565,562,562,4396,0.1124
1/29/2019,564,567,562,563,5320,0.3384
1/28/2019,565,569,561,564,3900,0.0564
1/27/2019,567,568,560,565,4985,0.17515
1/24/2019,570,573,560,567,5178,29.44095
1/23/2019,575,576,565,570,11499,0.057
1/22/2019,571,580,565,572,3694,0.575
1/21/2019,575,586,563,571,5777,0.75372
1/20/2019,589,590,575,575,3606,0.1731
1/17/2019,594,599,589,589,5909,2.0615
1/16/2019,592,599,590,594,2390,0.1782
1/15/2019,590,592,587,592,1839,1.48
1/14/2019,589,593,585,590,2299,1.4868
1/13/2019,608,608,586,589,6026,0.059
1/10/2019,605,610,602,608,12060,0.1216
1/9/2019,603,610,597,605,4415,0.1815
1/8/2019,600,608,600,603,2777,0.2412
1/6/2019,606,609,596,600,3683,0.174
1/3/2019,615,616,606,606,7471,0.303
1/2/2019,621,623,615,615,3265,0.4551
1/1/2019,615,625,615,621,5222,0.621
12/31/2018,623,635,615,615,6560,0.123
12/30/2018,623,628,622,623,2464,0.4984
12/27/2018,623,635,618,623,6195,38.78867
12/26/2018,621,627,615,623,4526,0.1246
12/25/2018,619,624,615,621,1330,0.248
12/24/2018,625,637,619,619,4227,0.619
12/23/2018,613,628,613,625,6527,1.25
12/20/2018,606,618,606,613,2236,0.613
12/19/2018,614,616,605,606,7647,0.2428
12/18/2018,629,629,613,614,8781,0.1228
12/17/2018,629,630,618,629,5185,0.9435
12/16/2018,619,636,619,629,9518,1.27058
12/13/2018,612,620,610,619,5019,0.09285
12/12/2018,599,613,599,612,8137,0.3672
12/11/2018,598,605,595,599,8512,0.599
12/10/2018,583,600,582,598,12924,0.1196
12/9/2018,565,583,565,583,5205,0.1218
12/6/2018,554,568,550,565,4894,0.2938
12/4/2018,550,560,550,560,11761,0.112
12/3/2018,560,564,550,551,15005,0.551
12/2/2018,571.2,571.2,560,560,14201,0.0563
11/29/2018,575.84,578,570,570,4919,0.571
11/28/2018,575.54,582,573,576,3491,0.51264
11/27/2018,581.32,590,573,573,11710,0.1146
11/26/2018,587.55,588,577,580,10004,0.1044
11/25/2018,597,608,585,585,8119,0.1872
11/22/2018,599,599,588,597,8692,0.4776
11/21/2018,606,606,596,599,7184,1.198
11/20/2018,609,612,606,606,4236,0.2424
11/19/2018,615,615,605,609,5670,0.0609
11/18/2018,625,625,613,615,4750,0.615
11/15/2018,625,629,622,625,9575,59.71574
11/14/2018,625,628,622,625,6337,39.59283
11/5/2018,688,688,675,685,1865,12.7003
11/4/2018,685,690,670,676,4675,31.6901
11/1/2018,691,695,691,691,3137,21.7158
10/31/2018,691,693,690,691,2068,14.2811
10/30/2018,688,694,687,690,1794,12.3744
10/29/2018,686,693,686,688,3630,25.0375
10/28/2018,690,697,690,695,2823,19.5952
10/25/2018,714,714,700,700,3367,23.661
10/24/2018,710,711,705,708,2532,17.8921
10/23/2018,708,711,705,709,1437,10.1603
10/22/2018,705,710,703,710,1153,8.139
10/21/2018,705,713,705,710,1253,8.9046
10/15/2018,715,715,705,708,2160,15.3258
10/14/2018,702,708,699,707,3086,21.6599
10/11/2018,690,700,690,700,6717,46.4765
10/10/2018,685,692,685,692,3772,26.0204
10/9/2018,690,691,686,688,3268,22.4987
10/8/2018,690,693,690,690,5429,37.5238
10/7/2018,689,690,681,690,5480,37.6829
10/4/2018,691,694,689,690,6988,48.2924
10/3/2018,691,700,690,691,6082,42.0696
10/2/2018,698,700,690,691,10074,70.0409
10/1/2018,705,709,692,696,9853,68.8403
9/30/2018,705,709,700,700,12333,86.7821
9/27/2018,707,710,702,710,11446,80.7828
9/26/2018,710,715,708,708,7884,56.1362
9/25/2018,713,719,705,707,14146,100.295
9/23/2018,710,714,709,709,7325,52.0604
9/20/2018,720,720,707,712,8302,59.0394
9/18/2018,730,730,716,720,3859,27.7042
9/17/2018,722,729,716,716,4366,31.4241
9/16/2018,722,722,700,720,11172,79.972
9/13/2018,713,720,713,715,7739,55.4099
9/12/2018,712,717,711,717,4873,34.7928
9/11/2018,716,716,710,715,8029,57.2393
9/10/2018,723,723,715,715,7660,55.0291
9/9/2018,717,722,715,722,7304,52.533
9/6/2018,720,733,716,717,8176,58.917
9/5/2018,715,720,712,717,6501,46.5505
9/4/2018,711,714,708,710,7895,56.0825
9/3/2018,710,720,709,709,8886,63.3161
9/2/2018,717,717,708,708,8085,57.5697
8/30/2018,721,721,707,715,6503,46.2017
8/29/2018,719,719,706,711,5590,39.6942
8/28/2018,715,720,710,713,9638,68.8502
8/26/2018,726,728,719,719,5749,41.5517
8/23/2018,729,730,723,725,3058,22.1774
8/22/2018,722,728,722,728,3318,24.0561
8/21/2018,730,730,720,726,4060,29.4716
8/20/2018,725,735,725,730,5404,39.242
8/19/2018,744,745,726,728,4494,32.9596
8/16/2018,760,766,742,744,7111,53.2065
8/15/2018,724,755,724,755,8058,58.7188
8/14/2018,720,733,720,726,8772,63.7102
8/13/2018,730,734,725,726,5630,40.9534
8/12/2018,730,733,726,730,5457,39.7398
8/9/2018,730,740,727,729,3976,29.0416
8/8/2018,736,744,729,729,5366,39.3954
8/7/2018,721,739,721,735,6846,50.29
8/6/2018,731,739,729,735,6009,44.0313
8/5/2018,745,749,726,730,5653,41.6911
8/2/2018,743,748,740,747,2531,18.8066
8/1/2018,750,750,742,746,6595,49.2134
7/31/2018,752,755,746,749,7607,56.9996
7/30/2018,760,760,750,752,7622,57.4946
7/29/2018,750,756,750,752,4100,30.9069
7/26/2018,749,759,749,752,3856,29.0554
7/25/2018,757,760,750,758,2642,19.9817
7/24/2018,750,760,750,757,4466,33.7396
7/23/2018,749,750,745,748,2043,15.2698
7/22/2018,752,752,746,747,3044,22.7921
7/19/2018,745,750,744,748,4273,31.9545
7/18/2018,753,754,749,754,4026,30.2053
7/17/2018,754,755,748,753,3427,25.7579
7/16/2018,755,760,747,754,3877,29.1635
7/15/2018,741,757,740,755,4983,37.0351
7/12/2018,772,770,735,741,7374,55.4971
7/11/2018,760,770,757,758,3859,29.3638
7/10/2018,751,760,745,760,4598,34.6898
7/9/2018,770,770,746,751,4165,31.3554
7/8/2018,760,785,759,768,8383,64.3321
7/5/2018,726,752,726,746,6235,46.444
7/4/2018,722,729,717,726,9143,65.9775
7/3/2018,728,728,714,725,5673,40.9307
7/2/2018,724,731,720,728,3846,27.8612
7/1/2018,737,737,725,729,5504,40.1341
6/28/2018,745,745,730,736,9462,69.5477
6/27/2018,740,743,730,741,4796,35.2838
6/26/2018,747,749,730,731,9338,68.8621
6/25/2018,740,756,740,747,6687,50.0383
6/24/2018,765,765,750,752,7640,57.5605
6/21/2018,755,761,751,754,3266,24.6876
6/20/2018,750,769,750,755,3494,26.5658
6/19/2018,769,770,760,762,4920,37.5006
6/18/2018,765,772,760,770,6099,46.8142
6/17/2018,770,773,756,773,2307,17.7113
6/14/2018,780,788,770,772,8300,64.3125
6/13/2018,774,775,766,775,4151,32.0047
6/12/2018,775,784,767,774,7473,58.1081
6/11/2018,770,785,765,775,4618,35.7734
6/10/2018,780,785,755,770,9562,73.1339
6/7/2018,810,810,779,780,8081,63.6578
6/6/2018,807,820,795,800,3140,25.318
6/4/2018,799,799,784,792,7736,60.9954
6/3/2018,791,800,784,789,5107,40.5416
5/31/2018,820,820,803,805,5122,41.36
5/30/2018,810,820,810,815,2830,23.1277
5/29/2018,811,825,805,821,5855,47.723
5/28/2018,800,830,798,817,12843,103.35874
5/27/2018,806,810,790,800,8147,65.2748
5/24/2018,810,813,805,806,6998,56.48608
5/23/2018,808,825,800,810,3542,28.83
5/22/2018,814,817,810,813,5513,44.8722
5/21/2018,817,819,812,815,4092,33.3154
5/20/2018,825,826,810,816,7347,59.8406
5/17/2018,820,831,814,817,7883,64.5469
5/16/2018,816,825,815,817,9163,74.9828
5/15/2018,820,826,819,822,4822,39.6128
5/14/2018,825,829,820,824,11884,97.7446
5/10/2018,828,830,823,825,6840,56.4896
5/9/2018,830,833,822,828,6500,53.90618
5/8/2018,826,839,825,830,9430,78.1366
5/7/2018,830,831,822,826,11942,98.5731
5/6/2018,820,840,820,835,7949,66.1535
5/3/2018,840,847,835,836,9730,81.7271
5/2/2018,843,845,828,835,9031,75.13976
4/29/2018,842,849,828,843,7314,61.3428
4/26/2018,858,866,838,844,19818,168.109
4/25/2018,857,869,851,862,11791,101.172
4/24/2018,886,886,855,857,14031,121.038
4/23/2018,904,910,875,875,21063,187.945
4/22/2018,890,902,880,900,21001,187.30055
4/19/2018,888,897,860,891,19648,174.075
4/18/2018,860,899,845,888,21829,189.273
4/17/2018,845,865,850,852,12628,107.93827
4/16/2018,836,867,836,845,13734,117.09
4/15/2018,855,859,830,850,8569,72.55767
4/12/2018,865,870,855,855,13299,114.649
4/11/2018,861,863,850,859,9939,85.2492
4/10/2018,888,888,853,861,10917,95.4935
4/9/2018,890,907,875,888,25892,230.611
4/8/2018,850,881,850,880,27522,237.873
4/5/2018,849,852,838,848,21550,182.262
4/4/2018,825,839,820,837,12146,100.421
4/3/2018,820,824,812,820,13327,109.143
4/2/2018,820,831,796,820,15085,123.514
4/1/2018,860,870,790,826,20742,170.689
3/29/2018,870,875,864,865,11314,98.4956
3/28/2018,888,895,820,864,20671,176.765
3/27/2018,830,880,776,872,9284,74.601
3/26/2018,856,860,830,830,6991,59.0323
3/22/2018,870,873,857,867,5547,47.9121
3/21/2018,885,886,870,875,5435,47.6098
3/20/2018,893,893,880,880,7391,65.4565
3/19/2018,893,900,893,893,6771,60.5496
3/18/2018,895,895,887,893,3684,32.8093
3/15/2018,895,901,894,894,4524,40.5921
3/14/2018,890,898,885,894,3880,34.5281
3/13/2018,895,900,880,890,4574,40.5825
3/12/2018,894,900,875,878,11726,103.36844
3/11/2018,900,910,885,894,11396,101.61079
3/7/2018,895,904,893,900,20416,183.444
3/6/2018,888,900,870,888,13892,122.613
3/5/2018,905,906,875,888,22167,195.783
3/4/2018,935,935,890,900,10099,91.7352
2/28/2018,950,954,931,940,9650,91.043
2/27/2018,945,958,941,948,9352,88.7331
2/26/2018,974,974,940,949,8870,84.8678
2/25/2018,980,980,965,965,9148,88.9673
2/22/2018,980,984,978,980,4169,40.873
2/21/2018,996,996,977,977,9114,89.586
2/20/2018,1012,1012,995,999,5366,53.6335
2/18/2018,995,1050,995,999,15350,155.22447
2/15/2018,992,1008,992,995,11051,110.332
2/14/2018,998,998,978,990,4703,46.4496
2/12/2018,1000,1000,990,994,4000,39.6861
2/11/2018,998,1004,991,991,3812,37.965
2/8/2018,999,999,991,997,4849,48.3056
2/7/2018,996,996,987,988,3716,36.8098
2/6/2018,1001,1002,995,996,7667,76.4665
2/5/2018,1007,1010,998,999,5899,59.0816
2/4/2018,1000,1010,1000,1002,7248,72.6579
2/1/2018,988,1004,988,997,5301,52.929
1/31/2018,1000,1004,990,992,8280,82.7026
1/29/2018,995,998,985,998,7220,71.5956
1/28/2018,1003,1004,995,995,10365,103.454
1/25/2018,1003,1008,998,1002,5513,55.1488
1/24/2018,1010,1010,998,1003,9386,93.8924
1/23/2018,1000,1010,998,1002,6459,64.6891
1/22/2018,1020,1020,1002,1003,6203,62.4622
1/21/2018,995,1013,995,1000,15026,151.333
1/17/2018,1013,1013,999,1008,13349,133.87
1/16/2018,1030,1033,1005,1013,11604,117.723
1/14/2018,1055,1055,1035,1038,12977,135.515
1/10/2018,1065,1067,1050,1053,14182,149.641
1/9/2018,1068,1078,1064,1067,17113,182.71887
1/8/2018,1075,1075,1063,1068,13841,147.841
1/7/2018,1065,1065,1050,1057,13864,146.379
1/4/2018,1051,1068,1051,1064,18644,198.365
1/3/2018,1080,1094,1050,1051,36459,391.755
1/2/2018,1044,1097,1044,1080,60993,658.718
1/1/2018,979,1040,979,1033,28711,288.621
12/31/2017,950,967,898,967,21302,200.841
12/28/2017,1955,1960,1895,1932,118362,2280.28
12/27/2017,2005,2005,1949,1955,54654,1074.16
12/26/2017,2077,2077,2010,2010,40946,833.75851
12/24/2017,2095,2103,2075,2077,40391,845.388
12/21/2017,2118,2121,2085,2086,18016,377.3
12/20/2017,2105,2115,2081,2113,13642,286.401
12/19/2017,2155,2155,2104,2106,9884,210.465
12/18/2017,2170,2173,2150,2155,14781,320.087
12/17/2017,2187,2190,2161,2177,14568,317.001
12/14/2017,2190,2195,2175,2176,10597,231.339
12/13/2017,2175,2191,2165,2181,17060,371.264
12/12/2017,2225,2225,2175,2180,18094,396.348
12/11/2017,2235,2235,2163,2192,27627,606.48
12/10/2017,2162,2299,2162,2197,120589,2697.25
12/6/2017,2107,2120,2107,2120,5869,124.294
12/5/2017,2106,2120,2094,2115,5423,114.078
12/4/2017,2122,2122,2101,2114,6131,129.34
11/30/2017,2120,2120,2107,2120,9125,192.932
11/29/2017,2120,2123,2109,2118,18543,392.055
11/28/2017,2110,2115,2100,2114,9828,207.454
11/27/2017,2140,2139,2085,2109,21773,459.702
11/26/2017,2060,2170,2097,2115,32407,686.18234
11/23/2017,2048,2066,2052,2060,6461,133.13069
11/22/2017,2040,2059,2038,2048,3890,79.6934
11/21/2017,2010,2049,2010,2041,4393,89.081
11/20/2017,2015,2030,2015,2020,8845,178.861
11/19/2017,2022,2045,2020,2035,9408,190.73423
11/16/2017,2050,2050,2021,2022,4679,94.8026
11/15/2017,2060,2099,2050,2052,10397,214.918
11/14/2017,2020,2050,2017,2050,16070,326.582
11/13/2017,2005,2020,1990,2020,11465,230.078
11/12/2017,1985,2010,1985,2005,10485,209.65568
11/9/2017,1973,1990,1956,1975,13053,257.705
11/8/2017,2005,2006,1977,1985,16234,322.988
11/7/2017,2040,2040,2002,2005,7008,141.029
11/6/2017,2055,2050,1991,2016,9929,200.62029
11/5/2017,2090,2090,2045,2055,11366,233.679
11/2/2017,2080,2097,2075,2090,8334,173.602
11/1/2017,2102,2108,2081,2085,6109,128.228
10/31/2017,2115,2120,2100,2114,4812,101.335
10/30/2017,2120,2130,2115,2115,6724,142.691
10/29/2017,2120,2135,2115,2130,4146,88.1548
10/25/2017,2120,2135,2117,2125,5908,125.505
10/24/2017,2160,2160,2131,2131,7034,150.48685
10/23/2017,2175,2180,2141,2160,3977,85.6192
10/22/2017,2160,2200,2160,2175,2161,47.2078
10/18/2017,2175,2180,2165,2178,2756,59.9246
10/17/2017,2171,2188,2150,2185,7211,156.749
10/16/2017,2125,2180,2125,2175,3566,76.7591
10/15/2017,2108,2120,2091,2116,2761,58.0877
10/12/2017,2120,2120,2090,2107,6728,141.487
10/11/2017,2095,2120,2075,2099,5125,107.475
10/10/2017,2110,2110,2072,2091,5938,123.978
10/9/2017,2155,2155,2078,2100,6640,139.842
10/8/2017,2165,2165,2120,2140,6334,135.394
10/4/2017,2200,2219,2170,2205,5627,123.211
10/3/2017,2181,2225,2181,2205,1222,26.9827
9/26/2017,2191,2197,2187,2194,5059,110.919
9/25/2017,2167,2195,2167,2187,2791,60.9011
9/24/2017,2140,2169,2140,2167,3892,84.0215
9/20/2017,2125,2140,2120,2140,6809,144.818
9/18/2017,2130,2138,2100,2138,7669,163.039
9/17/2017,2130,2130,2080,2124,6915,145.93
9/14/2017,2100,2100,2046,2100,9916,205.306
9/13/2017,2105,2120,2060,2068,9229,192.36
9/12/2017,2150,2150,2103,2120,7992,169.836
9/11/2017,2190,2199,2107,2148,10678,228.329
9/10/2017,2220,2221,2181,2200,13872,304.932
9/7/2017,2230,2260,2215,2215,8129,181.39
9/6/2017,2245,2297,2211,2227,10726,239.927
9/4/2017,2240,2243,2197,2201,13038,287.81
8/31/2017,2266,2266,2231,2241,5627,126.54818
8/30/2017,2280,2290,2253,2266,10135,230.17461
8/28/2017,2280,2299,2275,2280,10666,243.512
8/27/2017,2255,2272,2250,2272,11951,270.98998
8/24/2017,2242,2260,2222,2255,4967,111.12873
8/23/2017,2242,2255,2230,2242,8384,187.609
8/22/2017,2225,2250,2220,2241,9702,216.598
8/21/2017,2279,2279,2238,2240,6123,137.527
8/20/2017,2288,2290,2272,2275,7773,177.242
8/17/2017,2288,2290,2280,2286,8619,196.84
8/16/2017,2300,2316,2270,2285,12735,291.657
8/15/2017,2340,2340,2281,2290,16359,375.037
8/13/2017,2340,2339,2313,2320,13150,305.372
8/10/2017,2330,2330,2315,2322,19842,460.506
8/9/2017,2340,2348,2321,2330,13082,305.299
8/7/2017,2360,2350,2333,2340,15457,361.715
8/6/2017,2330,2365,2315,2344,13588,318.142
8/3/2017,2335,2337,2321,2329,7552,175.85551
8/2/2017,2336,2350,2326,2334,7133,166.5
8/1/2017,2325,2336,2325,2336,7445,173.574
7/31/2017,2336,2340,2320,2329,12180,283.74
7/30/2017,2335,2340,2320,2337,8108,189.165
7/27/2017,2334,2346,2330,2335,8708,203.493
7/26/2017,2380,2380,2320,2334,7611,177.593
7/25/2017,2342,2355,2330,2345,4600,107.677
7/24/2017,2385,2389,2313,2342,6668,156.568
7/23/2017,2367,2399,2352,2360,7984,189.004
7/20/2017,2370,2374,2362,2367,8041,190.352
7/19/2017,2341,2370,2340,2361,12300,290.367
7/18/2017,2315,2340,2305,2340,12660,293.782
7/17/2017,2298,2309,2296,2306,7422,170.81
7/16/2017,2303,2304,2295,2299,8422,193.687
7/13/2017,2305,2306,2290,2295,11218,257.933
7/12/2017,2265,2305,2265,2304,8054,185.325
7/11/2017,2290,2303,2288,2300,7628,175.305
7/10/2017,2300,2310,2286,2295,6788,155.909
7/9/2017,2309,2355,2261,2320,16598,383.47943
7/6/2017,2270,2312,2270,2309,10955,251.477
7/5/2017,2280,2284,2278,2281,8634,196.872
7/4/2017,2285,2286,2276,2281,11026,251.454
7/3/2017,2270,2285,2270,2279,8844,201.456
7/2/2017,2250,2290,2250,2277,14601,332.709
6/28/2017,2290,2300,2288,2295,7858,180.263
6/27/2017,2290,2315,2290,2298,17304,398.29
6/25/2017,2275,2286,2275,2285,15381,350.867
6/22/2017,2285,2285,2269,2275,12332,280.675
6/21/2017,2265,2291,2260,2274,9595,218.01
6/20/2017,2260,2270,2240,2269,11967,269.8
6/19/2017,2284,2290,2240,2264,11352,257.473
6/18/2017,2287,2299,2280,2284,11439,261.44577
6/15/2017,2300,2315,2268,2287,22588,515.526
6/14/2017,2300,2300,2277,2290,16010,366.897
6/13/2017,2270,2296,2241,2286,17383,396.571
6/12/2017,2275,2295,2252,2267,15079,342.662
6/11/2017,2300,2308,2276,2287,32888,753.469
6/8/2017,2300,2301,2282,2298,16000,366.632
6/7/2017,2275,2312,2273,2299,41007,941.784
6/6/2017,2210,2270,2200,2263,30731,685.969
6/5/2017,2190,2202,2188,2195,27417,602.188
6/4/2017,2185,2210,2176,2193,18960,415.426
6/1/2017,2190,2205,2180,2190,15934,348.938
5/31/2017,2190,2233,2140,2190,24979,539.34319
5/30/2017,2200,2205,2162,2190,22158,484.205
5/28/2017,2196,2210,2151,2200,19174,420.013
5/24/2017,2158,2205,2121,2196,15614,337.10862
5/23/2017,2185,2220,2076,2158,28319,610.778
5/22/2017,2290,2290,2175,2201,6016,133.794
5/21/2017,2300,2320,2290,2290,5745,132.187
5/18/2017,2302,2319,2296,2300,10410,239.69861
5/17/2017,2325,2330,2300,2305,3232,74.7492
5/16/2017,2355,2360,2310,2325,8217,191.843
5/15/2017,2310,2360,2310,2340,9505,223.223
5/11/2017,2310,2310,2295,2308,8991,206.934
5/9/2017,2280,2299,2280,2287,5146,117.89247
5/8/2017,2280,2294,2270,2280,4544,103.655
5/7/2017,2300,2310,2260,2260,3219,73.3942
5/4/2017,2315,2335,2300,2300,10060,232.34
5/3/2017,2290,2320,2290,2304,14947,343.859
5/2/2017,2230,2280,2224,2280,10203,230.802
4/30/2017,2260,2325,2210,2234,5629,126.253
4/27/2017,2260,2275,2212,2264,4230,94.7648
4/26/2017,2275,2275,2230,2250,2793,62.752
4/25/2017,2280,2299,2250,2275,3323,75.3755
4/24/2017,2280,2300,2265,2280,3260,74.3484
4/23/2017,2250,2390,2260,2310,6198,143.03441
4/20/2017,2265,2325,2250,2250,5450,124.338
4/19/2017,2192,2260,2182,2260,4283,95.04026
4/18/2017,2220,2240,2185,2192,8714,191.944
4/16/2017,2351,2351,2261,2263,7148,163.663
4/13/2017,2320,2350,2310,2350,8346,194.571
4/12/2017,2355,2389,2348,2348,14925,352.53
4/11/2017,2351,2359,2310,2354,21994,512.825
4/10/2017,2310,2335,2295,2305,14531,335.278
4/9/2017,2346,2346,2275,2298,6087,139.692
4/6/2017,2300,2310,2270,2300,6175,141.3768
4/4/2017,2300,2330,2285,2300,6525,150.668
4/3/2017,2335,2507,2271,2310,14451,339.713
4/2/2017,2250,2295,2225,2290,12677,285.735
3/30/2017,2250,2270,2200,2225,8195,183.34699
3/29/2017,2248,2337,2200,2250,16916,380.8913
3/28/2017,2138,2259,2151,2248,8812,193.75324
3/26/2017,2080,2155,2080,2138,8785,186.894
3/23/2017,2095,2095,2055,2076,3670,76.1646
3/22/2017,2091,2184,2050,2080,9180,192.714
3/21/2017,2032,2050,1995,2050,6174,125.354
3/20/2017,1995,2040,1995,2032,7527,151.248
3/19/2017,1970,1998,1985,1992,4513,89.933
3/16/2017,1950,1970,1946,1970,5178,101.26
3/15/2017,1920,1969,1911,1969,4836,93.6622
3/14/2017,1990,1990,1925,1925,4546,89.2733
3/13/2017,2000,2006,1981,2005,4167,83.3618
3/9/2017,1980,2000,1980,2000,4106,81.9279
3/7/2017,1970,2008,1970,1980,2255,44.8554
3/2/2017,1981,2017,1960,1965,3982,78.7017
3/1/2017,1960,1961,1950,1950,370,7.2425
2/28/2017,1950,1960,1900,1938,2143,41.366
2/26/2017,1975,1980,1965,1975,2588,51.0838
2/23/2017,1970,1983,1950,1961,1720,33.8092
2/22/2017,1999,1999,1970,1976,2936,58.2736
2/21/2017,2043,2043,1960,1998,4904,98.5327
2/20/2017,2010,2038,2001,2003,6256,126.307
2/19/2017,1982,2005,1943,2000,7105,141.038
2/16/2017,1948,2000,1935,1980,5749,113.393
2/15/2017,1890,1924,1865,1924,4273,81.2606
2/14/2017,1850,1890,1810,1860,6646,123.577
2/13/2017,1801,1875,1754,1870,7333,131.462
2/12/2017,1895,1895,1796,1800,11024,202.786
2/9/2017,1980,1980,1908,1908,7592,146.125
2/8/2017,2040,2040,1967,1967,8181,163.072
2/7/2017,2050,2050,2010,2044,1686,34.2087
2/6/2017,2040,2055,2025,2051,3312,67.626
2/5/2017,2055,2059,2000,2058,4142,84.3358
2/2/2017,2065,2155,2060,2090,4561,95.4102
2/1/2017,1968,2068,1950,2060,6640,133.457
1/31/2017,1825,1930,1824,1930,4649,87.937
1/30/2017,1990,1990,1862,1862,4531,87.7726
1/26/2017,2015,2030,1960,2020,5670,113.423
1/25/2017,2100,2100,2050,2050,3342,69.3104
1/24/2017,2205,2205,2137,2140,2829,60.9788
1/23/2017,2190,2210,2190,2200,3930,86.5498
1/22/2017,2180,2209,2180,2200,3988,87.381
1/19/2017,2190,2250,2180,2181,3002,66.3175
1/18/2017,2200,2202,2183,2195,5845,128.284
1/17/2017,2260,2260,2185,2210,8267,182.757
1/16/2017,2240,2331,2240,2260,25348,576.928
1/15/2017,2037,2197,2037,2197,20893,455.543
1/12/2017,1970,1998,1970,1998,4321,85.8443
1/11/2017,1960,2015,1960,1976,5704,113.353
1/10/2017,1925,1970,1925,1952,1216,23.8363
1/9/2017,1920,1932,1900,1915,1874,35.7994
1/8/2017,1900,1905,1870,1895,3150,59.2886
1/5/2017,1900,1930,1900,1912,3754,71.8183
1/4/2017,1905,1940,1900,1925,1832,35.1972
1/3/2017,1970,1970,1925,1925,4914,95.1082
1/2/2017,1960,1962,1926,1953,5496,107.172
1/1/2017,1915,1952,1915,1940,4231,81.662
,,,,,,
,,,,,,
,,,,,,
,,,,,,
,,,,,,
,,,,,,
,,,,,,
,,,,,,
,,,,,,
,,,,,,
,,,,,,
,,,,,,
,,,,,,
,,,,,,
,,,,,,
,,,,,,
,,,,,,
,,,,,,
,,,,,,
,,,,,,
,,,,,,
,,,,,,
,,,,,,
,,,,,,
,,,,,,
,,,,,,
,,,,,,
,,,,,,
,,,,,,
,,,,,,
,,,,,,
,,,,,,
,,,,,,
,,,,,,
,,,,,,
,,,,,,
,,,,,,
,,,,,,
,,,,,,
,,,,,,
,,,,,,
,,,,,,
,,,,,,
,,,,,,
,,,,,,
,,,,,,
,,,,,,
,,,,,,
,,,,,,
,,,,,,
,,,,,,
,,,,,,
,,,,,,
,,,,,,
,,,,,,
,,,,,,
,,,,,,
,,,,,,
,,,,,,
,,,,,,
,,,,,,
,,,,,,
,,,,,,
,,,,,,
,,,,,,
,,,,,,
,,,,,,
,,,,,,
,,,,,,
,,,,,,
,,,,,,
,,,,,,
,,,,,,
,,,,,,
,,,,,,
,,,,,,
,,,,,,
,,,,,,
,,,,,,
,,,,,,
,,,,,,
,,,,,,
,,,,,,
,,,,,,
,,,,,,
,,,,,,
,,,,,,
,,,,,,
,,,,,,
,,,,,,
,,,,,,
,,,,,,
,,,,,,
,,,,,,
,,,,,,
,,,,,,
,,,,,,
,,,,,,
,,,,,,
,,,,,,
,,,,,,
,,,,,,
,,,,,,
,,,,,,
,,,,,,
,,,,,,
,,,,,,
,,,,,,
,,,,,,
,,,,,,
,,,,,,
,,,,,,
,,,,,,
,,,,,,
,,,,,,
,,,,,,
,,,,,,
,,,,,,
,,,,,,
,,,,,,
,,,,,,
,,,,,,
,,,,,,
,,,,,,
,,,,,,
,,,,,,
,,,,,,
,,,,,,
,,,,,,
,,,,,,
,,,,,,
,,,,,,
,,,,,,
,,,,,,
,,,,,,
,,,,,,
,,,,,,
,,,,,,
,,,,,,
,,,,,,
,,,,,,
,,,,,,
,,,,,,
,,,,,,
,,,,,,
,,,,,,
,,,,,,
,,,,,,
,,,,,,
,,,,,,
,,,,,,
,,,,,,
,,,,,,
,,,,,,
,,,,,,
,,,,,,
,,,,,,
,,,,,,
,,,,,,
,,,,,,
,,,,,,
,,,,,,
,,,,,,
,,,,,,
,,,,,,
,,,,,,
,,,,,,
,,,,,,
,,,,,,
,,,,,,
,,,,,,
,,,,,,
,,,,,,
,,,,,,
,,,,,,
,,,,,,
,,,,,,
,,,,,,
,,,,,,
,,,,,,
,,,,,,
,,,,,,
,,,,,,
,,,,,,
,,,,,,
,,,,,,
,,,,,,
,,,,,,
,,,,,,
,,,,,,
,,,,,,
,,,,,,
,,,,,,
,,,,,,
,,,,,,
,,,,,,
,,,,,,
,,,,,,
,,,,,,
,,,,,,
,,,,,,
,,,,,,
,,,,,,
,,,,,,
,,,,,,
,,,,,,
,,,,,,
,,,,,,
,,,,,,
,,,,,,
,,,,,,
,,,,,,
,,,,,,
,,,,,,
,,,,,,
,,,,,,
,,,,,,
,,,,,,
,,,,,,
,,,,,,
,,,,,,
,,,,,,
,,,,,,
,,,,,,
,,,,,,
,,,,,,
,,,,,,
,,,,,,
,,,,,,
,,,,,,
,,,,,,
,,,,,,
,,,,,,
,,,,,,
,,,,,,
,,,,,,
,,,,,,
,,,,,,
,,,,,,
,,,,,,
,,,,,,
,,,,,,
,,,,,,
,,,,,,
,,,,,,
,,,,,,
,,,,,,
,,,,,,
,,,,,,
,,,,,,
,,,,,,
,,,,,,
,,,,,,
,,,,,,
,,,,,,
,,,,,,
,,,,,,
,,,,,,
,,,,,,
,,,,,,
,,,,,,
,,,,,,
,,,,,,
,,,,,,
,,,,,,
,,,,,,
,,,,,,
,,,,,,
,,,,,,
,,,,,,
,,,,,,
,,,,,,
,,,,,,
,,,,,,
,,,,,,
,,,,,,
,,,,,,
,,,,,,
,,,,,,
,,,,,,
,,,,,,
,,,,,,
,,,,,,
,,,,,,
,,,,,,
,,,,,,
,,,,,,
,,,,,,
,,,,,,
,,,,,,
,,,,,,
,,,,,,
,,,,,,
,,,,,,
,,,,,,
,,,,,,
,,,,,,
,,,,,,
,,,,,,
,,,,,,
,,,,,,
,,,,,,
,,,,,,
,,,,,,
,,,,,,
,,,,,,
,,,,,,
,,,,,,
,,,,,,
,,,,,,
,,,,,,
,,,,,,
,,,,,,
,,,,,,
,,,,,,
,,,,,,
,,,,,,
,,,,,,
,,,,,,
,,,,,,
,,,,,,
,,,,,,
,,,,,,
,,,,,,
,,,,,,
,,,,,,
,,,,,,
,,,,,,
,,,,,,
,,,,,,
,,,,,,
,,,,,,
,,,,,,
,,,,,,
,,,,,,
,,,,,,
,,,,,,
,,,,,,
,,,,,,
,,,,,,
,,,,,,
,,,,,,
,,,,,,
,,,,,,
,,,,,,
,,,,,,
,,,,,,
,,,,,,
,,,,,,
,,,,,,
,,,,,,
,,,,,,
,,,,,,
,,,,,,
,,,,,,
,,,,,,
,,,,,,
,,,,,,
,,,,,,
,,,,,,
,,,,,,
,,,,,,
,,,,,,
,,,,,,
,,,,,,
,,,,,,
,,,,,,
,,,,,,
,,,,,,
,,,,,,
,,,,,,
,,,,,,
,,,,,,
,,,,,,
,,,,,,
,,,,,,
,,,,,,
,,,,,,
,,,,,,
,,,,,,
,,,,,,
,,,,,,
,,,,,,
,,,,,,
,,,,,,
,,,,,,
,,,,,,
,,,,,,
,,,,,,
,,,,,,
,,,,,,
,,,,,,
,,,,,,
,,,,,,
,,,,,,
,,,,,,
,,,,,,
,,,,,,
,,,,,,
,,,,,,
,,,,,,
,,,,,,
,,,,,,
,,,,,,
,,,,,,
,,,,,,
,,,,,,
,,,,,,
,,,,,,
,,,,,,
,,,,,,
,,,,,,
,,,,,,
,,,,,,
,,,,,,
,,,,,,
,,,,,,
,,,,,,
,,,,,,
,,,,,,
,,,,,,
,,,,,,
,,,,,,
,,,,,,
,,,,,,
,,,,,,
,,,,,,
,,,,,,
,,,,,,
,,,,,,
,,,,,,
,,,,,,
,,,,,,
,,,,,,
,,,,,,
,,,,,,
,,,,,,
,,,,,,
,,,,,,
,,,,,,
,,,,,,
,,,,,,
,,,,,,
,,,,,,
,,,,,,
,,,,,,
,,,,,,
,,,,,,
,,,,,,
,,,,,,
,,,,,,
,,,,,,
,,,,,,
,,,,,,
,,,,,,
,,,,,,
,,,,,,
,,,,,,
,,,,,,
,,,,,,
,,,,,,
,,,,,,
,,,,,,
,,,,,,
,,,,,,
,,,,,,
,,,,,,
,,,,,,
,,,,,,
,,,,,,
,,,,,,
,,,,,,
,,,,,,
,,,,,,
,,,,,,
,,,,,,
,,,,,,
,,,,,,
,,,,,,
,,,,,,
,,,,,,
,,,,,,
,,,,,,
,,,,,,
,,,,,,
,,,,,,
,,,,,,
,,,,,,
,,,,,,
,,,,,,
,,,,,,
,,,,,,
,,,,,,
,,,,,,
,,,,,,
,,,,,,
,,,,,,
,,,,,,
,,,,,,
,,,,,,
,,,,,,
,,,,,,
,,,,,,
,,,,,,
,,,,,,
,,,,,,
,,,,,,
,,,,,,
,,,,,,
,,,,,,
,,,,,,
,,,,,,
,,,,,,
,,,,,,
,,,,,,
,,,,,,
,,,,,,
,,,,,,
,,,,,,
,,,,,,
,,,,,,
,,,,,,
,,,,,,
,,,,,,
,,,,,,
,,,,,,
,,,,,,
,,,,,,
,,,,,,
,,,,,,
,,,,,,
,,,,,,
,,,,,,
,,,,,,
,,,,,,
,,,,,,
,,,,,,
,,,,,,
,,,,,,
,,,,,,
,,,,,,
,,,,,,
,,,,,,
,,,,,,
,,,,,,
,,,,,,
,,,,,,
,,,,,,
,,,,,,
,,,,,,
,,,,,,
,,,,,,
,,,,,,
,,,,,,
,,,,,,
,,,,,,
,,,,,,
,,,,,,
,,,,,,
,,,,,,
,,,,,,
,,,,,,
,,,,,,
,,,,,,
,,,,,,
,,,,,,
,,,,,,
,,,,,,
,,,,,,
,,,,,,
,,,,,,
,,,,,,
,,,,,,
,,,,,,
,,,,,,
,,,,,,
,,,,,,
,,,,,,
,,,,,,
,,,,,,
,,,,,,
,,,,,,
,,,,,,
,,,,,,
,,,,,,
,,,,,,
,,,,,,
,,,,,,
,,,,,,
,,,,,,
,,,,,,
,,,,,,
,,,,,,
,,,,,,
,,,,,,
,,,,,,
,,,,,,
,,,,,,
,,,,,,
,,,,,,
,,,,,,
,,,,,,
,,,,,,
,,,,,,
,,,,,,
,,,,,,
,,,,,,
,,,,,,
,,,,,,
,,,,,,
,,,,,,
,,,,,,
,,,,,,
,,,,,,
,,,,,,
,,,,,,
,,,,,,
,,,,,,
,,,,,,
,,,,,,
,,,,,,
,,,,,,
,,,,,,
,,,,,,
,,,,,,
,,,,,,
,,,,,,
,,,,,,
,,,,,,
,,,,,,
,,,,,,
,,,,,,
,,,,,,
,,,,,,
,,,,,,
,,,,,,
,,,,,,
,,,,,,
,,,,,,
,,,,,,
,,,,,,
,,,,,,
,,,,,,
,,,,,,
,,,,,,
,,,,,,
,,,,,,
,,,,,,
,,,,,,
,,,,,,
,,,,,,
,,,,,,
,,,,,,
,,,,,,
,,,,,,
,,,,,,
,,,,,,
,,,,,,
,,,,,,
,,,,,,
,,,,,,
,,,,,,
,,,,,,
,,,,,,
,,,,,,
,,,,,,
,,,,,,
,,,,,,
,,,,,,
,,,,,,
,,,,,,
,,,,,,
,,,,,,
,,,,,,
,,,,,,
,,,,,,
