Date,Open,High,Low,LTP,no,tl,,,,,,,,,,
4/30/2019,734,734,700,705,"7,935","35,250.00",,,,,,,,,,
4/29/2019,723,723,700,720,"13,637","5,46,440.00",,,,,,,,,,
4/28/2019,737,755,721,723,"16,855","1,88,964.00",,,,,,,,,,
4/25/2019,722,735,722,723,"16,914","88,929.00",,,,,,,,,,
4/24/2019,720,732,720,722,"17,286","15,884.00",,,,,,,,,,
4/23/2019,711,735,697,727,"25,602","1,45,400.00",,,,,,,,,,
4/22/2019,696,741,696,710,"52,924","2,13,000.00",,,,,,,,,,
4/21/2019,622,683,621,683,"14,140","68,300.00",,,,,,,,,,
4/18/2019,601,625,598,621,"7,571","62,100.00",,,,,,,,,,
4/17/2019,595,610,597,600,"4,817","29,07,736.00",,,,,,,,,,
4/16/2019,584,597,584,595,"4,704","11,900.00",,,,,,,,,,
4/15/2019,585,588,580,587,"2,164","58,700.00",,,,,,,,,,
4/11/2019,592,594,590,591,"4,175","36,642.00",,,,,,,,,,
4/10/2019,592,597,584,590,"3,391","17,700.00",,,,,,,,,,
4/9/2019,592,599,585,592,"7,624","17,760.00",,,,,,,,,,
4/8/2019,585,602,587,592,"7,535","44,79,622.00",,,,,,,,,,
4/7/2019,584,585,573,585,"8,125","52,380.00",,,,,,,,,,
4/4/2019,575,580,569,574,4073,1.18656,,,,,,,,,,
4/3/2019,580,591,571,579,7791,0.579,,,,,,,,,,
4/2/2019,567,584,567,583,18598,0.4988,,,,,,,,,,
4/1/2019,557,569,557,567,7755,1.4175,,,,,,,,,,
3/31/2019,579,579,565,565,7189,0.60102,,,,,,,,,,
3/28/2019,563,574,563,568,4230,0.2272,,,,,,,,,,
3/27/2019,564,574,555,570,3764,21.4307,,,,,,,,,,
3/26/2019,570,570,560,564,2659,1.128,,,,,,,,,,
3/25/2019,555,572,552,568,6320,0.0568,,,,,,,,,,
3/24/2019,571,571,555,558,5624,0.3627,,,,,,,,,,
3/21/2019,577,580,567,571,6187,0.1142,,,,,,,,,,
3/19/2019,580,590,577,577,5041,0.08655,,,,,,,,,,
3/18/2019,583,587,582,583,6976,0.08176,,,,,,,,,,
3/17/2019,575,591,575,583,11221,1.166,,,,,,,,,,
3/14/2019,576,576,560,574,6842,0.572,,,,,,,,,,
3/13/2019,570,572,562,564,8800,0.3955,,,,,,,,,,
3/12/2019,542,566,540,566,"13,279","1,01,880.00",,,,,,,,,,
3/11/2019,535,541,535,540,"9,615","43,200.00",,,,,,,,,,
3/10/2019,530,535,528,535,244,"10,700.00",,,,,,,,,,
3/7/2019,535,536,530,533,"6,406","53,300.00",,,,,,,,,,
3/6/2019,528,532,528,532,"5,029","11,172.00",,,,,,,,,,
3/5/2019,524,530,520,528,"7,650","26,400.00",,,,,,,,,,
3/3/2019,521,531,521,525,"5,559","26,250.00",,,,,,,,,,
2/27/2019,525,534,525,530,2368,0.159,,,,,,,,,,
2/26/2019,534,534,524,530,2402,0.053,,,,,,,,,,
2/25/2019,527,529,521,525,7089,1.90774,,,,,,,,,,
2/24/2019,534,534,525,527,6349,0.92225,,,,,,,,,,
2/21/2019,539,540,534,534,7405,0.49128,,,,,,,,,,
2/20/2019,540,540,530,534,2409,0.3738,,,,,,,,,,
2/19/2019,530,540,528,534,1919,0.4005,,,,,,,,,,
2/18/2019,537,537,527,528,5840,0.264,,,,,,,,,,
2/17/2019,537,542,528,536,6723,0.1072,,,,,,,,,,
2/14/2019,543,544,531,536,6255,0.054,,,,,,,,,,
2/13/2019,552,555,541,542,4235,0.1084,,,,,,,,,,
2/12/2019,550,551,547,547,4004,0.2188,,,,,,,,,,
2/11/2019,554,555,545,551,4352,0.551,,,,,,,,,,
2/10/2019,557,558,550,550,3855,0.055,,,,,,,,,,
2/7/2019,561,561,555,556,2152,0.1668,,,,,,,,,,
2/6/2019,555,560,553,556,3455,1.112,,,,,,,,,,
2/5/2019,551,570,550,556,4021,0.36335,,,,,,,,,,
2/4/2019,556,564,555,557,5934,0.2785,,,,,,,,,,
2/3/2019,568,569,564,564,3165,1.82172,,,,,,,,,,
1/31/2019,562,572,562,565,2462,0.565,,,,,,,,,,
1/30/2019,563,565,562,562,4396,0.1124,,,,,,,,,,
1/29/2019,564,567,562,563,5320,0.3384,,,,,,,,,,
1/28/2019,565,569,561,564,3900,0.0564,,,,,,,,,,
1/27/2019,567,568,560,565,4985,0.17515,,,,,,,,,,
1/24/2019,570,573,560,567,5178,29.44095,,,,,,,,,,
1/23/2019,575,576,565,570,11499,0.057,,,,,,,,,,
1/22/2019,571,580,565,572,3694,0.575,,,,,,,,,,
1/21/2019,575,586,563,571,5777,0.75372,,,,,,,,,,
1/20/2019,589,590,575,575,3606,0.1731,,,,,,,,,,
1/17/2019,594,599,589,589,5909,2.0615,,,,,,,,,,
1/16/2019,592,599,590,594,2390,0.1782,,,,,,,,,,
1/15/2019,590,592,587,592,1839,1.48,,,,,,,,,,
1/14/2019,589,593,585,590,2299,1.4868,,,,,,,,,,
1/13/2019,608,608,586,589,6026,0.059,,,,,,,,,,
1/10/2019,605,610,602,608,12060,0.1216,,,,,,,,,,
1/9/2019,603,610,597,605,4415,0.1815,,,,,,,,,,
1/8/2019,600,608,600,603,2777,0.2412,,,,,,,,,,
1/6/2019,606,609,596,600,3683,0.174,,,,,,,,,,
1/3/2019,615,616,606,606,7471,0.303,,,,,,,,,,
1/2/2019,621,623,615,615,3265,0.4551,,,,,,,,,,
1/1/2019,615,625,615,621,5222,0.621,,,,,,,,,,
12/31/2018,623,635,615,615,6560,0.123,,,,,,,,,,
12/30/2018,623,628,622,623,2464,0.4984,,,,,,,,,,
12/27/2018,623,635,618,623,6195,38.78867,,,,,,,,,,
12/26/2018,621,627,615,623,4526,0.1246,,,,,,,,,,
12/25/2018,619,624,615,621,1330,0.248,,,,,,,,,,
12/24/2018,625,637,619,619,4227,0.619,,,,,,,,,,
12/23/2018,613,628,613,625,6527,1.25,,,,,,,,,,
12/20/2018,606,618,606,613,2236,0.613,,,,,,,,,,
12/19/2018,614,616,605,606,7647,0.2428,,,,,,,,,,
12/18/2018,629,629,613,614,8781,0.1228,,,,,,,,,,
12/17/2018,629,630,618,629,5185,0.9435,,,,,,,,,,
12/16/2018,619,636,619,629,9518,1.27058,,,,,,,,,,
12/13/2018,612,620,610,619,5019,0.09285,,,,,,,,,,
12/12/2018,599,613,599,612,8137,0.3672,,,,,,,,,,
12/11/2018,598,605,595,599,8512,0.599,,,,,,,,,,
12/10/2018,583,600,582,598,12924,0.1196,,,,,,,,,,
12/9/2018,565,583,565,583,5205,0.1218,,,,,,,,,,
12/6/2018,554,568,550,565,4894,0.2938,,,,,,,,,,
12/4/2018,550,560,550,560,11761,0.112,,,,,,,,,,
12/3/2018,560,564,550,551,15005,0.551,,,,,,,,,,
12/2/2018,571.2,571.2,560,560,14201,0.0563,,,,,,,,,,
11/29/2018,575.84,578,570,570,4919,0.571,,,,,,,,,,
11/28/2018,575.54,582,573,576,3491,0.51264,,,,,,,,,,
11/27/2018,581.32,590,573,573,11710,0.1146,,,,,,,,,,
11/26/2018,587.55,588,577,580,10004,0.1044,,,,,,,,,,
11/25/2018,597,608,585,585,8119,0.1872,,,,,,,,,,
11/22/2018,599,599,588,597,8692,0.4776,,,,,,,,,,
11/21/2018,606,606,596,599,7184,1.198,,,,,,,,,,
11/20/2018,609,612,606,606,4236,0.2424,,,,,,,,,,
11/19/2018,615,615,605,609,5670,0.0609,,,,,,,,,,
11/18/2018,625,625,613,615,4750,0.615,,,,,,,,,,
11/15/2018,625,629,622,625,9575,59.71574,,,,,,,,,,
11/14/2018,625,628,622,625,6337,39.59283,,,,,,,,,,
11/5/2018,688,688,675,685,1865,12.7003,,,,,,,,,,
11/4/2018,685,690,670,676,4675,31.6901,,,,,,,,,,
11/1/2018,691,695,691,691,3137,21.7158,,,,,,,,,,
10/31/2018,691,693,690,691,2068,14.2811,,,,,,,,,,
10/30/2018,688,694,687,690,1794,12.3744,,,,,,,,,,
10/29/2018,686,693,686,688,3630,25.0375,,,,,,,,,,
10/28/2018,690,697,690,695,2823,19.5952,,,,,,,,,,
10/25/2018,714,714,700,700,3367,23.661,,,,,,,,,,
10/24/2018,710,711,705,708,2532,17.8921,,,,,,,,,,
10/23/2018,708,711,705,709,1437,10.1603,,,,,,,,,,
10/22/2018,705,710,703,710,1153,8.139,,,,,,,,,,
10/21/2018,705,713,705,710,1253,8.9046,,,,,,,,,,
10/15/2018,715,715,705,708,2160,15.3258,,,,,,,,,,
10/14/2018,702,708,699,707,3086,21.6599,,,,,,,,,,
10/11/2018,690,700,690,700,6717,46.4765,,,,,,,,,,
10/10/2018,685,692,685,692,3772,26.0204,,,,,,,,,,
10/9/2018,690,691,686,688,3268,22.4987,,,,,,,,,,
10/8/2018,690,693,690,690,5429,37.5238,,,,,,,,,,
10/7/2018,689,690,681,690,5480,37.6829,,,,,,,,,,
10/4/2018,691,694,689,690,6988,48.2924,,,,,,,,,,
10/3/2018,691,700,690,691,6082,42.0696,,,,,,,,,,
10/2/2018,698,700,690,691,10074,70.0409,,,,,,,,,,
10/1/2018,705,709,692,696,9853,68.8403,,,,,,,,,,
9/30/2018,705,709,700,700,12333,86.7821,,,,,,,,,,
9/27/2018,707,710,702,710,11446,80.7828,,,,,,,,,,
9/26/2018,710,715,708,708,7884,56.1362,,,,,,,,,,
9/25/2018,713,719,705,707,14146,100.295,,,,,,,,,,
9/23/2018,710,714,709,709,7325,52.0604,,,,,,,,,,
9/20/2018,720,720,707,712,8302,59.0394,,,,,,,,,,
9/18/2018,730,730,716,720,3859,27.7042,,,,,,,,,,
9/17/2018,722,729,716,716,4366,31.4241,,,,,,,,,,
9/16/2018,722,722,700,720,11172,79.972,,,,,,,,,,
9/13/2018,713,720,713,715,7739,55.4099,,,,,,,,,,
9/12/2018,712,717,711,717,4873,34.7928,,,,,,,,,,
9/11/2018,716,716,710,715,8029,57.2393,,,,,,,,,,
9/10/2018,723,723,715,715,7660,55.0291,,,,,,,,,,
9/9/2018,717,722,715,722,7304,52.533,,,,,,,,,,
9/6/2018,720,733,716,717,8176,58.917,,,,,,,,,,
9/5/2018,715,720,712,717,6501,46.5505,,,,,,,,,,
9/4/2018,711,714,708,710,7895,56.0825,,,,,,,,,,
9/3/2018,710,720,709,709,8886,63.3161,,,,,,,,,,
9/2/2018,717,717,708,708,8085,57.5697,,,,,,,,,,
8/30/2018,721,721,707,715,6503,46.2017,,,,,,,,,,
8/29/2018,719,719,706,711,5590,39.6942,,,,,,,,,,
8/28/2018,715,720,710,713,9638,68.8502,,,,,,,,,,
8/26/2018,726,728,719,719,5749,41.5517,,,,,,,,,,
8/23/2018,729,730,723,725,3058,22.1774,,,,,,,,,,
8/22/2018,722,728,722,728,3318,24.0561,,,,,,,,,,
8/21/2018,730,730,720,726,4060,29.4716,,,,,,,,,,
8/20/2018,725,735,725,730,5404,39.242,,,,,,,,,,
8/19/2018,744,745,726,728,4494,32.9596,,,,,,,,,,
8/16/2018,760,766,742,744,7111,53.2065,,,,,,,,,,
8/15/2018,724,755,724,755,8058,58.7188,,,,,,,,,,
8/14/2018,720,733,720,726,8772,63.7102,,,,,,,,,,
8/13/2018,730,734,725,726,5630,40.9534,,,,,,,,,,
8/12/2018,730,733,726,730,5457,39.7398,,,,,,,,,,
8/9/2018,730,740,727,729,3976,29.0416,,,,,,,,,,
8/8/2018,736,744,729,729,5366,39.3954,,,,,,,,,,
8/7/2018,721,739,721,735,6846,50.29,,,,,,,,,,
8/6/2018,731,739,729,735,6009,44.0313,,,,,,,,,,
8/5/2018,745,749,726,730,5653,41.6911,,,,,,,,,,
8/2/2018,743,748,740,747,2531,18.8066,,,,,,,,,,
8/1/2018,750,750,742,746,6595,49.2134,,,,,,,,,,
7/31/2018,752,755,746,749,7607,56.9996,,,,,,,,,,
7/30/2018,760,760,750,752,7622,57.4946,,,,,,,,,,
7/29/2018,750,756,750,752,4100,30.9069,,,,,,,,,,
7/26/2018,749,759,749,752,3856,29.0554,,,,,,,,,,
7/25/2018,757,760,750,758,2642,19.9817,,,,,,,,,,
7/24/2018,750,760,750,757,4466,33.7396,,,,,,,,,,
7/23/2018,749,750,745,748,2043,15.2698,,,,,,,,,,
7/22/2018,752,752,746,747,3044,22.7921,,,,,,,,,,
7/19/2018,745,750,744,748,4273,31.9545,,,,,,,,,,
7/18/2018,753,754,749,754,4026,30.2053,,,,,,,,,,
7/17/2018,754,755,748,753,3427,25.7579,,,,,,,,,,
7/16/2018,755,760,747,754,3877,29.1635,,,,,,,,,,
7/15/2018,741,757,740,755,4983,37.0351,,,,,,,,,,
7/12/2018,772,770,735,741,7374,55.4971,,,,,,,,,,
7/11/2018,760,770,757,758,3859,29.3638,,,,,,,,,,
7/10/2018,751,760,745,760,4598,34.6898,,,,,,,,,,
7/9/2018,770,770,746,751,4165,31.3554,,,,,,,,,,
7/8/2018,760,785,759,768,8383,64.3321,,,,,,,,,,
7/5/2018,726,752,726,746,6235,46.444,,,,,,,,,,
7/4/2018,722,729,717,726,9143,65.9775,,,,,,,,,,
7/3/2018,728,728,714,725,5673,40.9307,,,,,,,,,,
7/2/2018,724,731,720,728,3846,27.8612,,,,,,,,,,
7/1/2018,737,737,725,729,5504,40.1341,,,,,,,,,,
6/28/2018,745,745,730,736,9462,69.5477,,,,,,,,,,
6/27/2018,740,743,730,741,4796,35.2838,,,,,,,,,,
6/26/2018,747,749,730,731,9338,68.8621,,,,,,,,,,
6/25/2018,740,756,740,747,6687,50.0383,,,,,,,,,,
6/24/2018,765,765,750,752,7640,57.5605,,,,,,,,,,
6/21/2018,755,761,751,754,3266,24.6876,,,,,,,,,,
6/20/2018,750,769,750,755,3494,26.5658,,,,,,,,,,
6/19/2018,769,770,760,762,4920,37.5006,,,,,,,,,,
6/18/2018,765,772,760,770,6099,46.8142,,,,,,,,,,
6/17/2018,770,773,756,773,2307,17.7113,,,,,,,,,,
6/14/2018,780,788,770,772,8300,64.3125,,,,,,,,,,
6/13/2018,774,775,766,775,4151,32.0047,,,,,,,,,,
6/12/2018,775,784,767,774,7473,58.1081,,,,,,,,,,
6/11/2018,770,785,765,775,4618,35.7734,,,,,,,,,,
6/10/2018,780,785,755,770,9562,73.1339,,,,,,,,,,
6/7/2018,810,810,779,780,8081,63.6578,,,,,,,,,,
6/6/2018,807,820,795,800,3140,25.318,,,,,,,,,,
6/4/2018,799,799,784,792,7736,60.9954,,,,,,,,,,
6/3/2018,791,800,784,789,5107,40.5416,,,,,,,,,,
5/31/2018,820,820,803,805,5122,41.36,,,,,,,,,,
5/30/2018,810,820,810,815,2830,23.1277,,,,,,,,,,
5/29/2018,811,825,805,821,5855,47.723,,,,,,,,,,
5/28/2018,800,830,798,817,12843,103.35874,,,,,,,,,,
5/27/2018,806,810,790,800,8147,65.2748,,,,,,,,,,
5/24/2018,810,813,805,806,6998,56.48608,,,,,,,,,,
5/23/2018,808,825,800,810,3542,28.83,,,,,,,,,,
5/22/2018,814,817,810,813,5513,44.8722,,,,,,,,,,
5/21/2018,817,819,812,815,4092,33.3154,,,,,,,,,,
5/20/2018,825,826,810,816,7347,59.8406,,,,,,,,,,
5/17/2018,820,831,814,817,7883,64.5469,,,,,,,,,,
5/16/2018,816,825,815,817,9163,74.9828,,,,,,,,,,
5/15/2018,820,826,819,822,4822,39.6128,,,,,,,,,,
5/14/2018,825,829,820,824,11884,97.7446,,,,,,,,,,
5/10/2018,828,830,823,825,6840,56.4896,,,,,,,,,,
5/9/2018,830,833,822,828,6500,53.90618,,,,,,,,,,
5/8/2018,826,839,825,830,9430,78.1366,,,,,,,,,,
5/7/2018,830,831,822,826,11942,98.5731,,,,,,,,,,
5/6/2018,820,840,820,835,7949,66.1535,,,,,,,,,,
5/3/2018,840,847,835,836,9730,81.7271,,,,,,,,,,
5/2/2018,843,845,828,835,9031,75.13976,,,,,,,,,,
4/29/2018,842,849,828,843,7314,61.3428,,,,,,,,,,
4/26/2018,858,866,838,844,19818,168.109,,,,,,,,,,
4/25/2018,857,869,851,862,11791,101.172,,,,,,,,,,
4/24/2018,886,886,855,857,14031,121.038,,,,,,,,,,
4/23/2018,904,910,875,875,21063,187.945,,,,,,,,,,
4/22/2018,890,902,880,900,21001,187.30055,,,,,,,,,,
4/19/2018,888,897,860,891,19648,174.075,,,,,,,,,,
4/18/2018,860,899,845,888,21829,189.273,,,,,,,,,,
4/17/2018,845,865,850,852,12628,107.93827,,,,,,,,,,
4/16/2018,836,867,836,845,13734,117.09,,,,,,,,,,
4/15/2018,855,859,830,850,8569,72.55767,,,,,,,,,,
4/12/2018,865,870,855,855,13299,114.649,,,,,,,,,,
4/11/2018,861,863,850,859,9939,85.2492,,,,,,,,,,
4/10/2018,888,888,853,861,10917,95.4935,,,,,,,,,,
4/9/2018,890,907,875,888,25892,230.611,,,,,,,,,,
4/8/2018,850,881,850,880,27522,237.873,,,,,,,,,,
4/5/2018,849,852,838,848,21550,182.262,,,,,,,,,,
4/4/2018,825,839,820,837,12146,100.421,,,,,,,,,,
4/3/2018,820,824,812,820,13327,109.143,,,,,,,,,,
4/2/2018,820,831,796,820,15085,123.514,,,,,,,,,,
4/1/2018,860,870,790,826,20742,170.689,,,,,,,,,,
3/29/2018,870,875,864,865,11314,98.4956,,,,,,,,,,
3/28/2018,888,895,820,864,20671,176.765,,,,,,,,,,
3/27/2018,830,880,776,872,9284,74.601,,,,,,,,,,
3/26/2018,856,860,830,830,6991,59.0323,,,,,,,,,,
3/22/2018,870,873,857,867,5547,47.9121,,,,,,,,,,
3/21/2018,885,886,870,875,5435,47.6098,,,,,,,,,,
3/20/2018,893,893,880,880,7391,65.4565,,,,,,,,,,
3/19/2018,893,900,893,893,6771,60.5496,,,,,,,,,,
3/18/2018,895,895,887,893,3684,32.8093,,,,,,,,,,
3/15/2018,895,901,894,894,4524,40.5921,,,,,,,,,,
3/14/2018,890,898,885,894,3880,34.5281,,,,,,,,,,
3/13/2018,895,900,880,890,4574,40.5825,,,,,,,,,,
3/12/2018,894,900,875,878,11726,103.36844,,,,,,,,,,
3/11/2018,900,910,885,894,11396,101.61079,,,,,,,,,,
3/7/2018,895,904,893,900,20416,183.444,,,,,,,,,,
3/6/2018,888,900,870,888,13892,122.613,,,,,,,,,,
3/5/2018,905,906,875,888,22167,195.783,,,,,,,,,,
3/4/2018,935,935,890,900,10099,91.7352,,,,,,,,,,
2/28/2018,950,954,931,940,9650,91.043,,,,,,,,,,
2/27/2018,945,958,941,948,9352,88.7331,,,,,,,,,,
2/26/2018,974,974,940,949,8870,84.8678,,,,,,,,,,
2/25/2018,980,980,965,965,9148,88.9673,,,,,,,,,,
2/22/2018,980,984,978,980,4169,40.873,,,,,,,,,,
2/21/2018,996,996,977,977,9114,89.586,,,,,,,,,,
2/20/2018,1012,1012,995,999,5366,53.6335,,,,,,,,,,
2/18/2018,995,1050,995,999,15350,155.22447,,,,,,,,,,
2/15/2018,992,1008,992,995,11051,110.332,,,,,,,,,,
2/14/2018,998,998,978,990,4703,46.4496,,,,,,,,,,
2/12/2018,1000,1000,990,994,4000,39.6861,,,,,,,,,,
2/11/2018,998,1004,991,991,3812,37.965,,,,,,,,,,
2/8/2018,999,999,991,997,4849,48.3056,,,,,,,,,,
2/7/2018,996,996,987,988,3716,36.8098,,,,,,,,,,
2/6/2018,1001,1002,995,996,7667,76.4665,,,,,,,,,,
2/5/2018,1007,1010,998,999,5899,59.0816,,,,,,,,,,
2/4/2018,1000,1010,1000,1002,7248,72.6579,,,,,,,,,,
2/1/2018,988,1004,988,997,5301,52.929,,,,,,,,,,
1/31/2018,1000,1004,990,992,8280,82.7026,,,,,,,,,,
1/29/2018,995,998,985,998,7220,71.5956,,,,,,,,,,
1/28/2018,1003,1004,995,995,10365,103.454,,,,,,,,,,
1/25/2018,1003,1008,998,1002,5513,55.1488,,,,,,,,,,
1/24/2018,1010,1010,998,1003,9386,93.8924,,,,,,,,,,
1/23/2018,1000,1010,998,1002,6459,64.6891,,,,,,,,,,
1/22/2018,1020,1020,1002,1003,6203,62.4622,,,,,,,,,,
1/21/2018,995,1013,995,1000,15026,151.333,,,,,,,,,,
1/17/2018,1013,1013,999,1008,13349,133.87,,,,,,,,,,
1/16/2018,1030,1033,1005,1013,11604,117.723,,,,,,,,,,
1/14/2018,1055,1055,1035,1038,12977,135.515,,,,,,,,,,
1/10/2018,1065,1067,1050,1053,14182,149.641,,,,,,,,,,
1/9/2018,1068,1078,1064,1067,17113,182.71887,,,,,,,,,,
1/8/2018,1075,1075,1063,1068,13841,147.841,,,,,,,,,,
1/7/2018,1065,1065,1050,1057,13864,146.379,,,,,,,,,,
1/4/2018,1051,1068,1051,1064,18644,198.365,,,,,,,,,,
1/3/2018,1080,1094,1050,1051,36459,391.755,,,,,,,,,,
1/2/2018,1044,1097,1044,1080,60993,658.718,,,,,,,,,,
1/1/2018,979,1040,979,1033,28711,288.621,,,,,,,,,,
12/31/2017,950,967,898,967,21302,200.841,,,,,,,,,,
12/28/2017,1955,1960,1895,1932,118362,2280.28,,,,,,,,,,
12/27/2017,2005,2005,1949,1955,54654,1074.16,,,,,,,,,,
12/26/2017,2077,2077,2010,2010,40946,833.75851,,,,,,,,,,
12/24/2017,2095,2103,2075,2077,40391,845.388,,,,,,,,,,
12/21/2017,2118,2121,2085,2086,18016,377.3,,,,,,,,,,
12/20/2017,2105,2115,2081,2113,13642,286.401,,,,,,,,,,
12/19/2017,2155,2155,2104,2106,9884,210.465,,,,,,,,,,
12/18/2017,2170,2173,2150,2155,14781,320.087,,,,,,,,,,
12/17/2017,2187,2190,2161,2177,14568,317.001,,,,,,,,,,
12/14/2017,2190,2195,2175,2176,10597,231.339,,,,,,,,,,
12/13/2017,2175,2191,2165,2181,17060,371.264,,,,,,,,,,
12/12/2017,2225,2225,2175,2180,18094,396.348,,,,,,,,,,
12/11/2017,2235,2235,2163,2192,27627,606.48,,,,,,,,,,
12/10/2017,2162,2299,2162,2197,120589,2697.25,,,,,,,,,,
12/6/2017,2107,2120,2107,2120,5869,124.294,,,,,,,,,,
12/5/2017,2106,2120,2094,2115,5423,114.078,,,,,,,,,,
12/4/2017,2122,2122,2101,2114,6131,129.34,,,,,,,,,,
11/30/2017,2120,2120,2107,2120,9125,192.932,,,,,,,,,,
11/29/2017,2120,2123,2109,2118,18543,392.055,,,,,,,,,,
11/28/2017,2110,2115,2100,2114,9828,207.454,,,,,,,,,,
11/27/2017,2140,2139,2085,2109,21773,459.702,,,,,,,,,,
11/26/2017,2060,2170,2097,2115,32407,686.18234,,,,,,,,,,
11/23/2017,2048,2066,2052,2060,6461,133.13069,,,,,,,,,,
11/22/2017,2040,2059,2038,2048,3890,79.6934,,,,,,,,,,
11/21/2017,2010,2049,2010,2041,4393,89.081,,,,,,,,,,
11/20/2017,2015,2030,2015,2020,8845,178.861,,,,,,,,,,
11/19/2017,2022,2045,2020,2035,9408,190.73423,,,,,,,,,,
11/16/2017,2050,2050,2021,2022,4679,94.8026,,,,,,,,,,
11/15/2017,2060,2099,2050,2052,10397,214.918,,,,,,,,,,
11/14/2017,2020,2050,2017,2050,16070,326.582,,,,,,,,,,
11/13/2017,2005,2020,1990,2020,11465,230.078,,,,,,,,,,
11/12/2017,1985,2010,1985,2005,10485,209.65568,,,,,,,,,,
11/9/2017,1973,1990,1956,1975,13053,257.705,,,,,,,,,,
11/8/2017,2005,2006,1977,1985,16234,322.988,,,,,,,,,,
11/7/2017,2040,2040,2002,2005,7008,141.029,,,,,,,,,,
11/6/2017,2055,2050,1991,2016,9929,200.62029,,,,,,,,,,
11/5/2017,2090,2090,2045,2055,11366,233.679,,,,,,,,,,
11/2/2017,2080,2097,2075,2090,8334,173.602,,,,,,,,,,
11/1/2017,2102,2108,2081,2085,6109,128.228,,,,,,,,,,
10/31/2017,2115,2120,2100,2114,4812,101.335,,,,,,,,,,
10/30/2017,2120,2130,2115,2115,6724,142.691,,,,,,,,,,
10/29/2017,2120,2135,2115,2130,4146,88.1548,,,,,,,,,,
10/25/2017,2120,2135,2117,2125,5908,125.505,,,,,,,,,,
10/24/2017,2160,2160,2131,2131,7034,150.48685,,,,,,,,,,
10/23/2017,2175,2180,2141,2160,3977,85.6192,,,,,,,,,,
10/22/2017,2160,2200,2160,2175,2161,47.2078,,,,,,,,,,
10/18/2017,2175,2180,2165,2178,2756,59.9246,,,,,,,,,,
10/17/2017,2171,2188,2150,2185,7211,156.749,,,,,,,,,,
10/16/2017,2125,2180,2125,2175,3566,76.7591,,,,,,,,,,
10/15/2017,2108,2120,2091,2116,2761,58.0877,,,,,,,,,,
10/12/2017,2120,2120,2090,2107,6728,141.487,,,,,,,,,,
10/11/2017,2095,2120,2075,2099,5125,107.475,,,,,,,,,,
10/10/2017,2110,2110,2072,2091,5938,123.978,,,,,,,,,,
10/9/2017,2155,2155,2078,2100,6640,139.842,,,,,,,,,,
10/8/2017,2165,2165,2120,2140,6334,135.394,,,,,,,,,,
10/4/2017,2200,2219,2170,2205,5627,123.211,,,,,,,,,,
10/3/2017,2181,2225,2181,2205,1222,26.9827,,,,,,,,,,
9/26/2017,2191,2197,2187,2194,5059,110.919,,,,,,,,,,
9/25/2017,2167,2195,2167,2187,2791,60.9011,,,,,,,,,,
9/24/2017,2140,2169,2140,2167,3892,84.0215,,,,,,,,,,
9/20/2017,2125,2140,2120,2140,6809,144.818,,,,,,,,,,
9/18/2017,2130,2138,2100,2138,7669,163.039,,,,,,,,,,
9/17/2017,2130,2130,2080,2124,6915,145.93,,,,,,,,,,
9/14/2017,2100,2100,2046,2100,9916,205.306,,,,,,,,,,
9/13/2017,2105,2120,2060,2068,9229,192.36,,,,,,,,,,
9/12/2017,2150,2150,2103,2120,7992,169.836,,,,,,,,,,
9/11/2017,2190,2199,2107,2148,10678,228.329,,,,,,,,,,
9/10/2017,2220,2221,2181,2200,13872,304.932,,,,,,,,,,
9/7/2017,2230,2260,2215,2215,8129,181.39,,,,,,,,,,
9/6/2017,2245,2297,2211,2227,10726,239.927,,,,,,,,,,
9/4/2017,2240,2243,2197,2201,13038,287.81,,,,,,,,,,
8/31/2017,2266,2266,2231,2241,5627,126.54818,,,,,,,,,,
8/30/2017,2280,2290,2253,2266,10135,230.17461,,,,,,,,,,
8/28/2017,2280,2299,2275,2280,10666,243.512,,,,,,,,,,
8/27/2017,2255,2272,2250,2272,11951,270.98998,,,,,,,,,,
8/24/2017,2242,2260,2222,2255,4967,111.12873,,,,,,,,,,
8/23/2017,2242,2255,2230,2242,8384,187.609,,,,,,,,,,
8/22/2017,2225,2250,2220,2241,9702,216.598,,,,,,,,,,
8/21/2017,2279,2279,2238,2240,6123,137.527,,,,,,,,,,
8/20/2017,2288,2290,2272,2275,7773,177.242,,,,,,,,,,
8/17/2017,2288,2290,2280,2286,8619,196.84,,,,,,,,,,
8/16/2017,2300,2316,2270,2285,12735,291.657,,,,,,,,,,
8/15/2017,2340,2340,2281,2290,16359,375.037,,,,,,,,,,
8/13/2017,2340,2339,2313,2320,13150,305.372,,,,,,,,,,
8/10/2017,2330,2330,2315,2322,19842,460.506,,,,,,,,,,
8/9/2017,2340,2348,2321,2330,13082,305.299,,,,,,,,,,
8/7/2017,2360,2350,2333,2340,15457,361.715,,,,,,,,,,
8/6/2017,2330,2365,2315,2344,13588,318.142,,,,,,,,,,
8/3/2017,2335,2337,2321,2329,7552,175.85551,,,,,,,,,,
8/2/2017,2336,2350,2326,2334,7133,166.5,,,,,,,,,,
8/1/2017,2325,2336,2325,2336,7445,173.574,,,,,,,,,,
7/31/2017,2336,2340,2320,2329,12180,283.74,,,,,,,,,,
7/30/2017,2335,2340,2320,2337,8108,189.165,,,,,,,,,,
7/27/2017,2334,2346,2330,2335,8708,203.493,,,,,,,,,,
7/26/2017,2380,2380,2320,2334,7611,177.593,,,,,,,,,,
7/25/2017,2342,2355,2330,2345,4600,107.677,,,,,,,,,,
7/24/2017,2385,2389,2313,2342,6668,156.568,,,,,,,,,,
7/23/2017,2367,2399,2352,2360,7984,189.004,,,,,,,,,,
7/20/2017,2370,2374,2362,2367,8041,190.352,,,,,,,,,,
7/19/2017,2341,2370,2340,2361,12300,290.367,,,,,,,,,,
7/18/2017,2315,2340,2305,2340,12660,293.782,,,,,,,,,,
7/17/2017,2298,2309,2296,2306,7422,170.81,,,,,,,,,,
7/16/2017,2303,2304,2295,2299,8422,193.687,,,,,,,,,,
7/13/2017,2305,2306,2290,2295,11218,257.933,,,,,,,,,,
7/12/2017,2265,2305,2265,2304,8054,185.325,,,,,,,,,,
7/11/2017,2290,2303,2288,2300,7628,175.305,,,,,,,,,,
7/10/2017,2300,2310,2286,2295,6788,155.909,,,,,,,,,,
7/9/2017,2309,2355,2261,2320,16598,383.47943,,,,,,,,,,
7/6/2017,2270,2312,2270,2309,10955,251.477,,,,,,,,,,
7/5/2017,2280,2284,2278,2281,8634,196.872,,,,,,,,,,
7/4/2017,2285,2286,2276,2281,11026,251.454,,,,,,,,,,
7/3/2017,2270,2285,2270,2279,8844,201.456,,,,,,,,,,
7/2/2017,2250,2290,2250,2277,14601,332.709,,,,,,,,,,
6/28/2017,2290,2300,2288,2295,7858,180.263,,,,,,,,,,
6/27/2017,2290,2315,2290,2298,17304,398.29,,,,,,,,,,
6/25/2017,2275,2286,2275,2285,15381,350.867,,,,,,,,,,
6/22/2017,2285,2285,2269,2275,12332,280.675,,,,,,,,,,
6/21/2017,2265,2291,2260,2274,9595,218.01,,,,,,,,,,
6/20/2017,2260,2270,2240,2269,11967,269.8,,,,,,,,,,
6/19/2017,2284,2290,2240,2264,11352,257.473,,,,,,,,,,
6/18/2017,2287,2299,2280,2284,11439,261.44577,,,,,,,,,,
6/15/2017,2300,2315,2268,2287,22588,515.526,,,,,,,,,,
6/14/2017,2300,2300,2277,2290,16010,366.897,,,,,,,,,,
6/13/2017,2270,2296,2241,2286,17383,396.571,,,,,,,,,,
6/12/2017,2275,2295,2252,2267,15079,342.662,,,,,,,,,,
6/11/2017,2300,2308,2276,2287,32888,753.469,,,,,,,,,,
6/8/2017,2300,2301,2282,2298,16000,366.632,,,,,,,,,,
6/7/2017,2275,2312,2273,2299,41007,941.784,,,,,,,,,,
6/6/2017,2210,2270,2200,2263,30731,685.969,,,,,,,,,,
6/5/2017,2190,2202,2188,2195,27417,602.188,,,,,,,,,,
6/4/2017,2185,2210,2176,2193,18960,415.426,,,,,,,,,,
6/1/2017,2190,2205,2180,2190,15934,348.938,,,,,,,,,,
5/31/2017,2190,2233,2140,2190,24979,539.34319,,,,,,,,,,
5/30/2017,2200,2205,2162,2190,22158,484.205,,,,,,,,,,
5/28/2017,2196,2210,2151,2200,19174,420.013,,,,,,,,,,
5/24/2017,2158,2205,2121,2196,15614,337.10862,,,,,,,,,,
5/23/2017,2185,2220,2076,2158,28319,610.778,,,,,,,,,,
5/22/2017,2290,2290,2175,2201,6016,133.794,,,,,,,,,,
5/21/2017,2300,2320,2290,2290,5745,132.187,,,,,,,,,,
5/18/2017,2302,2319,2296,2300,10410,239.69861,,,,,,,,,,
5/17/2017,2325,2330,2300,2305,3232,74.7492,,,,,,,,,,
5/16/2017,2355,2360,2310,2325,8217,191.843,,,,,,,,,,
5/15/2017,2310,2360,2310,2340,9505,223.223,,,,,,,,,,
5/11/2017,2310,2310,2295,2308,8991,206.934,,,,,,,,,,
5/9/2017,2280,2299,2280,2287,5146,117.89247,,,,,,,,,,
5/8/2017,2280,2294,2270,2280,4544,103.655,,,,,,,,,,
5/7/2017,2300,2310,2260,2260,3219,73.3942,,,,,,,,,,
5/4/2017,2315,2335,2300,2300,10060,232.34,,,,,,,,,,
5/3/2017,2290,2320,2290,2304,14947,343.859,,,,,,,,,,
5/2/2017,2230,2280,2224,2280,10203,230.802,,,,,,,,,,
4/30/2017,2260,2325,2210,2234,5629,126.253,,,,,,,,,,
4/27/2017,2260,2275,2212,2264,4230,94.7648,,,,,,,,,,
4/26/2017,2275,2275,2230,2250,2793,62.752,,,,,,,,,,
4/25/2017,2280,2299,2250,2275,3323,75.3755,,,,,,,,,,
4/24/2017,2280,2300,2265,2280,3260,74.3484,,,,,,,,,,
4/23/2017,2250,2390,2260,2310,6198,143.03441,,,,,,,,,,
4/20/2017,2265,2325,2250,2250,5450,124.338,,,,,,,,,,
4/19/2017,2192,2260,2182,2260,4283,95.04026,,,,,,,,,,
4/18/2017,2220,2240,2185,2192,8714,191.944,,,,,,,,,,
4/16/2017,2351,2351,2261,2263,7148,163.663,,,,,,,,,,
4/13/2017,2320,2350,2310,2350,8346,194.571,,,,,,,,,,
4/12/2017,2355,2389,2348,2348,14925,352.53,,,,,,,,,,
4/11/2017,2351,2359,2310,2354,21994,512.825,,,,,,,,,,
4/10/2017,2310,2335,2295,2305,14531,335.278,,,,,,,,,,
4/9/2017,2346,2346,2275,2298,6087,139.692,,,,,,,,,,
4/6/2017,2300,2310,2270,2300,6175,141.3768,,,,,,,,,,
4/4/2017,2300,2330,2285,2300,6525,150.668,,,,,,,,,,
4/3/2017,2335,2507,2271,2310,14451,339.713,,,,,,,,,,
4/2/2017,2250,2295,2225,2290,12677,285.735,,,,,,,,,,
3/30/2017,2250,2270,2200,2225,8195,183.34699,,,,,,,,,,
3/29/2017,2248,2337,2200,2250,16916,380.8913,,,,,,,,,,
3/28/2017,2138,2259,2151,2248,8812,193.75324,,,,,,,,,,
3/26/2017,2080,2155,2080,2138,8785,186.894,,,,,,,,,,
3/23/2017,2095,2095,2055,2076,3670,76.1646,,,,,,,,,,
3/22/2017,2091,2184,2050,2080,9180,192.714,,,,,,,,,,
3/21/2017,2032,2050,1995,2050,6174,125.354,,,,,,,,,,
3/20/2017,1995,2040,1995,2032,7527,151.248,,,,,,,,,,
3/19/2017,1970,1998,1985,1992,4513,89.933,,,,,,,,,,
3/16/2017,1950,1970,1946,1970,5178,101.26,,,,,,,,,,
3/15/2017,1920,1969,1911,1969,4836,93.6622,,,,,,,,,,
3/14/2017,1990,1990,1925,1925,4546,89.2733,,,,,,,,,,
3/13/2017,2000,2006,1981,2005,4167,83.3618,,,,,,,,,,
3/9/2017,1980,2000,1980,2000,4106,81.9279,,,,,,,,,,
3/7/2017,1970,2008,1970,1980,2255,44.8554,,,,,,,,,,
3/2/2017,1981,2017,1960,1965,3982,78.7017,,,,,,,,,,
3/1/2017,1960,1961,1950,1950,370,7.2425,,,,,,,,,,
2/28/2017,1950,1960,1900,1938,2143,41.366,,,,,,,,,,
2/26/2017,1975,1980,1965,1975,2588,51.0838,,,,,,,,,,
2/23/2017,1970,1983,1950,1961,1720,33.8092,,,,,,,,,,
2/22/2017,1999,1999,1970,1976,2936,58.2736,,,,,,,,,,
2/21/2017,2043,2043,1960,1998,4904,98.5327,,,,,,,,,,
2/20/2017,2010,2038,2001,2003,6256,126.307,,,,,,,,,,
2/19/2017,1982,2005,1943,2000,7105,141.038,,,,,,,,,,
2/16/2017,1948,2000,1935,1980,5749,113.393,,,,,,,,,,
2/15/2017,1890,1924,1865,1924,4273,81.2606,,,,,,,,,,
2/14/2017,1850,1890,1810,1860,6646,123.577,,,,,,,,,,
2/13/2017,1801,1875,1754,1870,7333,131.462,,,,,,,,,,
2/12/2017,1895,1895,1796,1800,11024,202.786,,,,,,,,,,
2/9/2017,1980,1980,1908,1908,7592,146.125,,,,,,,,,,
2/8/2017,2040,2040,1967,1967,8181,163.072,,,,,,,,,,
2/7/2017,2050,2050,2010,2044,1686,34.2087,,,,,,,,,,
2/6/2017,2040,2055,2025,2051,3312,67.626,,,,,,,,,,
2/5/2017,2055,2059,2000,2058,4142,84.3358,,,,,,,,,,
2/2/2017,2065,2155,2060,2090,4561,95.4102,,,,,,,,,,
2/1/2017,1968,2068,1950,2060,6640,133.457,,,,,,,,,,
1/31/2017,1825,1930,1824,1930,4649,87.937,,,,,,,,,,
1/30/2017,1990,1990,1862,1862,4531,87.7726,,,,,,,,,,
1/26/2017,2015,2030,1960,2020,5670,113.423,,,,,,,,,,
1/25/2017,2100,2100,2050,2050,3342,69.3104,,,,,,,,,,
1/24/2017,2205,2205,2137,2140,2829,60.9788,,,,,,,,,,
1/23/2017,2190,2210,2190,2200,3930,86.5498,,,,,,,,,,
1/22/2017,2180,2209,2180,2200,3988,87.381,,,,,,,,,,
1/19/2017,2190,2250,2180,2181,3002,66.3175,,,,,,,,,,
1/18/2017,2200,2202,2183,2195,5845,128.284,,,,,,,,,,
1/17/2017,2260,2260,2185,2210,8267,182.757,,,,,,,,,,
1/16/2017,2240,2331,2240,2260,25348,576.928,,,,,,,,,,
1/15/2017,2037,2197,2037,2197,20893,455.543,,,,,,,,,,
1/12/2017,1970,1998,1970,1998,4321,85.8443,,,,,,,,,,
1/11/2017,1960,2015,1960,1976,5704,113.353,,,,,,,,,,
1/10/2017,1925,1970,1925,1952,1216,23.8363,,,,,,,,,,
1/9/2017,1920,1932,1900,1915,1874,35.7994,,,,,,,,,,
1/8/2017,1900,1905,1870,1895,3150,59.2886,,,,,,,,,,
1/5/2017,1900,1930,1900,1912,3754,71.8183,,,,,,,,,,
1/4/2017,1905,1940,1900,1925,1832,35.1972,,,,,,,,,,
1/3/2017,1970,1970,1925,1925,4914,95.1082,,,,,,,,,,
1/2/2017,1960,1962,1926,1953,5496,107.172,,,,,,,,,,
1/1/2017,1915,1952,1915,1940,4231,81.662,,,,,,,,,,
12/29/2016,1890,1910,1876,1891,4252,80.5545,,,,,,,,,,
12/28/2016,1842,1895,1830,1853,2944,54.7252,,,,,,,,,,
12/27/2016,1895,1900,1852,1873,2286,42.9176,,,,,,,,,,
12/26/2016,1985,1985,1900,1922,5883,113.932,,,,,,,,,,
12/22/2016,1940,1997,1938,1997,4334,85.4611,,,,,,,,,,
12/21/2016,1965,1979,1935,1935,4795,93.8273,,,,,,,,,,
12/20/2016,2030,2030,1956,1970,7287,144.995,,,,,,,,,,
12/19/2016,2060,2074,2020,2035,3449,70.5116,,,,,,,,,,
12/18/2016,2060,2110,2010,2090,2170,44.9426,,,,,,,,,,
12/15/2016,2020,2091,2005,2090,1638,33.3874,,,,,,,,,,
12/14/2016,2000,2025,1992,2019,3016,60.33,,,,,,,,,,
12/12/2016,2050,2050,2000,2014,3347,67.5285,,,,,,,,,,
12/11/2016,2100,2100,2050,2050,4366,90.4187,,,,,,,,,,
12/8/2016,2100,2110,2085,2105,4126,86.5342,,,,,,,,,,
12/7/2016,2153,2200,2115,2122,4463,95.3622,,,,,,,,,,
12/6/2016,2890,2893,2860,2870,18542,533.871,,,,,,,,,,
12/5/2016,2900,2900,2860,2888,4942,142.198,,,,,,,,,,
12/4/2016,2965,2965,2900,2910,5348,156.184,,,,,,,,,,
12/1/2016,3110,3110,2960,2960,6279,188.21,,,,,,,,,,
11/30/2016,2899,3050,2870,3050,7720,225.884,,,,,,,,,,
11/29/2016,2830,2907,2753,2870,11007,311.092,,,,,,,,,,
11/28/2016,2679,2850,2600,2806,7217,192.739,,,,,,,,,,
11/27/2016,2802,2840,2676,2733,6042,165.528,,,,,,,,,,
11/24/2016,2780,2956,2780,2840,7317,207.337,,,,,,,,,,
11/23/2016,2890,2890,2751,2776,6890,192.153,,,,,,,,,,
11/22/2016,2925,2940,2800,2890,4845,140.152,,,,,,,,,,
11/21/2016,2930,2980,2852,2924,6559,190.899,,,,,,,,,,
11/20/2016,3059,3065,2893,2940,9143,270.126,,,,,,,,,,
11/17/2016,3101,3115,3070,3070,11409,352.139,,,,,,,,,,
11/16/2016,3210,3210,3080,3143,10667,332.987,,,,,,,,,,
11/15/2016,3215,3215,3165,3169,6987,222.792,,,,,,,,,,
11/14/2016,3220,3255,3208,3213,6173,198.521,,,,,,,,,,
11/13/2016,3200,3250,3200,3200,9073,292.01,,,,,,,,,,
11/10/2016,3304,3304,3205,3225,2840,91.9069,,,,,,,,,,
11/9/2016,3241,3309,3230,3240,5139,166.934,,,,,,,,,,
11/8/2016,3350,3350,3290,3305,5452,180.403,,,,,,,,,,
11/7/2016,3450,3450,3400,3405,2621,89.4694,,,,,,,,,,
11/3/2016,3440,3490,3440,3480,1510,52.4057,,,,,,,,,,
10/27/2016,3440,3459,3425,3425,7858,270.505,,,,,,,,,,
10/26/2016,3410,3480,3410,3438,8919,307.036,,,,,,,,,,
10/25/2016,3500,3500,3450,3468,18877,654.634,,,,,,,,,,
10/24/2016,3499,3610,3430,3515,30844,1077.47,,,,,,,,,,
10/23/2016,3693,3693,3545,3570,12851,463.714,,,,,,,,,,
10/20/2016,3743,3893,3671,3693,15564,576.279,,,,,,,,,,
10/19/2016,3695,3695,3651,3670,1752,64.1257,,,,,,,,,,
10/18/2016,3650,3700,3630,3700,2637,96.6993,,,,,,,,,,
10/17/2016,3635,3670,3635,3655,3627,132.541,,,,,,,,,,
10/16/2016,3780,3780,3650,3700,1921,70.985,,,,,,,,,,
10/6/2016,3800,3810,3760,3760,2122,80.5862,,,,,,,,,,
10/5/2016,3790,3790,3740,3740,2303,87.0209,,,,,,,,,,
10/4/2016,3750,3780,3750,3760,986,37.1272,,,,,,,,,,
10/3/2016,3745,3784,3710,3715,895,33.3841,,,,,,,,,,
10/2/2016,3685,3700,3670,3672,973,35.8265,,,,,,,,,,
9/29/2016,3655,3698,3605,3688,1915,70.2814,,,,,,,,,,
9/28/2016,3710,3710,3685,3685,1091,40.3039,,,,,,,,,,
9/27/2016,3690,3710,3680,3710,3281,121.225,,,,,,,,,,
9/26/2016,3610,3690,3610,3690,1914,70.171,,,,,,,,,,
9/22/2016,3620,3620,3590,3595,3877,139.766,,,,,,,,,,
9/21/2016,3650,3650,3580,3650,3886,140.635,,,,,,,,,,
9/20/2016,3725,3750,3680,3680,3147,116.763,,,,,,,,,,
9/18/2016,3800,3800,3750,3750,3821,143.775,,,,,,,,,,
9/14/2016,3806,3810,3781,3790,2408,91.4806,,,,,,,,,,
9/12/2016,3805,3810,3790,3801,5253,199.632,,,,,,,,,,
9/11/2016,3800,3825,3800,3800,4560,173.764,,,,,,,,,,
9/8/2016,3780,3900,3772,3780,4723,178.7,,,,,,,,,,
9/7/2016,3890,3890,3771,3780,6388,242.632,,,,,,,,,,
9/6/2016,3900,3952,3800,3895,9247,360.196,,,,,,,,,,
9/5/2016,3801,3900,3795,3860,10074,387.452,,,,,,,,,,
9/4/2016,3789,3825,3750,3790,4945,187.478,,,,,,,,,,
9/1/2016,3685,3750,3676,3750,10817,400.597,,,,,,,,,,
8/31/2016,3640,3689,3640,3675,4395,161.666,,,,,,,,,,
8/30/2016,3690,3725,3660,3662,8442,310.58,,,,,,,,,,
8/29/2016,3690,3730,3660,3674,9137,336.192,,,,,,,,,,
8/28/2016,3590,3872,3590,3695,28438,1054.88,,,,,,,,,,
8/24/2016,3264,3520,3264,3520,3692,129.486,,,,,,,,,,
8/23/2016,3250,3260,3145,3200,4772,151.763,,,,,,,,,,
8/22/2016,3240,3260,3200,3215,2513,81.0436,,,,,,,,,,
8/21/2016,3340,3348,3302,3302,1341,44.5815,,,,,,,,,,
8/17/2016,3300,3360,3300,3345,4656,154.869,,,,,,,,,,
8/16/2016,3200,3299,3145,3295,3154,101.933,,,,,,,,,,
8/15/2016,3333,3354,3200,3250,4293,139.385,,,,,,,,,,
8/14/2016,3520,3520,3363,3400,3653,125.241,,,,,,,,,,
8/11/2016,3636,3636,3530,3550,1379,49.1932,,,,,,,,,,
8/10/2016,3617,3635,3430,3564,8208,289.019,,,,,,,,,,
8/9/2016,3332,3547,3398,3547,860,29.7287,,,,,,,,,,
8/8/2016,3565,3500,3332,3332,4810,166.5487,,,,,,,,,,
8/7/2016,3571,3708,3555,3565,7646,278.75906,,,,,,,,,,
8/4/2016,3650,3680,3506,3571,9571,343.76331,,,,,,,,,,
8/3/2016,3675,3685,3605,3650,2614,95.1008,,,,,,,,,,
8/2/2016,3750,3750,3650,3675,4719,173.67806,,,,,,,,,,
8/1/2016,3780,3800,3675,3750,4237,157.87217,,,,,,,,,,
7/31/2016,3825,3805,3780,3780,4994,189.21784,,,,,,,,,,
7/28/2016,3776,3860,3780,3825,13635,519.68512,,,,,,,,,,
7/27/2016,3670,3800,3725,3776,12121,458.52323,,,,,,,,,,
7/26/2016,3635,3707,3563,3670,4469,162.80223,,,,,,,,,,
7/25/2016,3640,3669,3630,3635,4127,150.32825,,,,,,,,,,
7/21/2016,3660,3680,3600,3640,2305,83.8191,,,,,,,,,,
7/20/2016,3700,3700,3600,3660,3369,122.901,,,,,,,,,,
7/19/2016,3701,3701,3650,3675,8043,296.519,,,,,,,,,,
7/18/2016,3612,3685,3600,3629,4777,173.03714,,,,,,,,,,
7/17/2016,3600,3650,3550,3612,5088,184.36307,,,,,,,,,,
7/14/2016,3490,3630,3490,3600,5027,177.408,,,,,,,,,,
7/13/2016,3475,3475,3409,3460,4086,140.44445,,,,,,,,,,
7/12/2016,3510,3520,3320,3475,4117,142.4817,,,,,,,,,,
7/11/2016,3588,3600,3510,3510,2412,85.78516,,,,,,,,,,
7/10/2016,3580,3650,3555,3588,8473,304.9187,,,,,,,,,,
7/6/2016,3600,3610,3562,3580,3470,124.555,,,,,,,,,,
7/5/2016,3580,3584,3525,3583,8616,306.90873,,,,,,,,,,
7/4/2016,3600,3650,3579,3580,4169,149.66287,,,,,,,,,,
7/3/2016,3682,3682,3549,3600,5091,184.07022,,,,,,,,,,
6/30/2016,3690,3682,3620,3682,7194,263.07687,,,,,,,,,,
6/29/2016,3777,3750,3690,3690,2355,87.52306,,,,,,,,,,
6/28/2016,3795,3838,3760,3777,6434,244.40071,,,,,,,,,,
6/27/2016,3770,3840,3775,3795,7640,289.78352,,,,,,,,,,
6/26/2016,3675,3840,3678,3770,18238,686.33433,,,,,,,,,,
6/23/2016,3360,3695,3360,3675,21284,748.85307,,,,,,,,,,
6/22/2016,3366,3430,3320,3360,4821,162.564,,,,,,,,,,
6/21/2016,3300,3309,3280,3300,4870,160.3882,,,,,,,,,,
6/20/2016,3335,3350,3253,3300,3742,123.49036,,,,,,,,,,
6/19/2016,3336,3370,3270,3335,5658,187.58272,,,,,,,,,,
6/16/2016,3350,3360,3300,3336,6778,226.17181,,,,,,,,,,
6/15/2016,3380,3380,3345,3350,4576,153.902,,,,,,,,,,
6/14/2016,3440,3440,3300,3400,23281,778.299,,,,,,,,,,
6/13/2016,3245,3569,3309,3390,20537,701.55827,,,,,,,,,,
6/12/2016,2950,3245,3000,3245,26138,824.07822,,,,,,,,,,
6/9/2016,2910,2960,2910,2950,6951,204.08,,,,,,,,,,
6/8/2016,2904,2925,2895,2920,3768,109.45082,,,,,,,,,,
6/7/2016,2930,2930,2900,2904,2524,73.4464,,,,,,,,,,
6/6/2016,2835,2895,2862,2875,2878,82.6614,,,,,,,,,,
6/5/2016,2900,2900,2835,2835,8374,238.57008,,,,,,,,,,
6/2/2016,2910,2915,2890,2900,3186,92.39714,,,,,,,,,,
6/1/2016,2912,2915,2890,2910,4067,118.17847,,,,,,,,,,
5/31/2016,2910,2925,2900,2912,4587,133.62099,,,,,,,,,,
5/30/2016,2915,2920,2900,2910,8189,237.80928,,,,,,,,,,
5/29/2016,2950,2950,2900,2915,1511,44.0831,,,,,,,,,,
5/26/2016,2950,2960,2892,2950,6010,175.8222,,,,,,,,,,
5/25/2016,3025,3015,2941,2950,4755,141.56817,,,,,,,,,,
5/24/2016,2957,3042,2960,3025,13042,393.0082,,,,,,,,,,
5/23/2016,2948,2980,2950,2957,4443,131.62575,,,,,,,,,,
5/22/2016,2942,2950,2920,2948,2271,66.6815,,,,,,,,,,
5/19/2016,2932,2968,2940,2942,3387,99.89369,,,,,,,,,,
5/18/2016,2900,2960,2900,2932,3148,92.51595,,,,,,,,,,
5/17/2016,2830,2900,2830,2900,1558,44.5745,,,,,,,,,,
5/16/2016,2865,2858,2822,2830,5172,146.95392,,,,,,,,,,
5/15/2016,2899,2899,2846,2865,6609,189.436,,,,,,,,,,
5/12/2016,2960,2965,2901,2935,6057,177.5068,,,,,,,,,,
5/11/2016,3020,2999,2923,2960,8280,244.10022,,,,,,,,,,
5/10/2016,3041,3041,3015,3020,5366,162.154,,,,,,,,,,
5/9/2016,3045,3050,3033,3041,4092,124.429,,,,,,,,,,
5/8/2016,3061,3065,3030,3050,4971,151.32567,,,,,,,,,,
5/5/2016,3095,3085,3000,3061,8708,267.18199,,,,,,,,,,
5/4/2016,3105,3105,3045,3095,3516,108.15823,,,,,,,,,,
5/3/2016,3080,3133,3100,3105,10935,340.21557,,,,,,,,,,
5/2/2016,2876,3100,2933,3080,19524,599.73066,,,,,,,,,,
4/28/2016,3500,3600,3511,3595,49736,1773.98671,,,,,,,,,,
4/27/2016,3478,3502,3451,3500,18159,633.63109,,,,,,,,,,
4/26/2016,3488,3500,3476,3478,13290,463.76671,,,,,,,,,,
4/25/2016,3480,3501,3480,3488,14145,493.4278,,,,,,,,,,
4/24/2016,3374,3480,3390,3480,19903,685.78974,,,,,,,,,,
4/21/2016,3340,3406,3270,3374,20915,696.46998,,,,,,,,,,
4/20/2016,3379,3420,3340,3340,19805,672.08961,,,,,,,,,,
4/19/2016,3364,3430,3350,3379,8785,297.07638,,,,,,,,,,
4/18/2016,3279,3365,3299,3364,9918,330.12904,,,,,,,,,,
4/17/2016,3300,3360,3230,3279,15205,496.617,,,,,,,,,,
4/14/2016,3198,3255,3195,3245,8828,284.5615,,,,,,,,,,
4/12/2016,3190,3200,3190,3198,2725,87.03559,,,,,,,,,,
4/11/2016,3165,3210,3180,3190,4514,144.13408,,,,,,,,,,
4/10/2016,3135,3172,3150,3165,3404,107.66256,,,,,,,,,,
4/6/2016,3110,3162,3130,3135,7013,220.51419,,,,,,,,,,
4/5/2016,3130,3130,3100,3110,5964,185.727,,,,,,,,,,
4/4/2016,3085,3090,3050,3077,6704,206.27341,,,,,,,,,,
4/3/2016,3018,3265,3015,3085,12466,385.30438,,,,,,,,,,
3/31/2016,3005,3020,2990,3018,6159,185.37112,,,,,,,,,,
3/30/2016,2997,3020,2980,3005,7489,225.47048,,,,,,,,,,
3/29/2016,3020,3010,2985,2997,6662,199.73187,,,,,,,,,,
3/28/2016,3014,3040,2995,3020,6286,189.77137,,,,,,,,,,
3/27/2016,2970,3029,2992,3014,13398,402.9823,,,,,,,,,,
3/24/2016,2915,3000,2948,2970,9480,281.74373,,,,,,,,,,
3/23/2016,2890,2915,2890,2915,5319,154.585,,,,,,,,,,
3/21/2016,2900,2935,2885,2900,4793,139.37,,,,,,,,,,
3/20/2016,2890,2900,2865,2886,3898,112.49,,,,,,,,,,
3/17/2016,2850,2890,2850,2882,4543,130.911,,,,,,,,,,
3/16/2016,2860,2880,2849,2870,5387,153.854,,,,,,,,,,
3/15/2016,2804,2815,2800,2815,5161,144.784,,,,,,,,,,
3/14/2016,2820,2821,2800,2801,2869,80.6822,,,,,,,,,,
3/13/2016,2815,2825,2811,2820,2679,75.4911,,,,,,,,,,
3/10/2016,2891,2900,2800,2820,1043,29.4802,,,,,,,,,,
3/6/2016,2820,2850,2820,2835,1536,43.4913,,,,,,,,,,
3/3/2016,2815,2815,2785,2800,977,27.3716,,,,,,,,,,
3/2/2016,2810,2810,2785,2810,2177,60.99,,,,,,,,,,
3/1/2016,2815,2815,2800,2802,2556,71.716,,,,,,,,,,
2/29/2016,2800,2820,2800,2820,2548,71.58899,,,,,,,,,,
2/28/2016,2800,2820,2790,2800,5948,166.6253,,,,,,,,,,
2/25/2016,2790,2810,2750,2800,6556,182.998,,,,,,,,,,
2/24/2016,2830,2830,2795,2805,8212,230.089,,,,,,,,,,
2/23/2016,2850,2940,2801,2815,8129,231.49386,,,,,,,,,,
2/22/2016,2660,2907,2650,2850,11549,317.337,,,,,,,,,,
2/21/2016,2660,2700,2660,2670,4522,120.947,,,,,,,,,,
2/18/2016,2690,2679,2637,2669,2574,68.62374,,,,,,,,,,
2/17/2016,2680,2711,2627,2690,4028,107.70584,,,,,,,,,,
2/16/2016,2690,2688,2670,2680,270,7.2356,,,,,,,,,,
2/15/2016,2685,2690,2631,2690,779,20.6365,,,,,,,,,,
2/14/2016,2740,2740,2685,2686,523,14.0728,,,,,,,,,,
2/11/2016,2755,2746,2688,2700,3133,84.75224,,,,,,,,,,
2/8/2016,2760,2775,2751,2755,4865,134.2286,,,,,,,,,,
2/7/2016,2735,2790,2752,2760,2938,81.3027,,,,,,,,,,
2/4/2016,2750,2750,2700,2740,3666,99.9206,,,,,,,,,,
2/3/2016,2715,2730,2690,2711,1322,35.92818,,,,,,,,,,
2/2/2016,2748,2750,2695,2715,2634,71.5594,,,,,,,,,,
2/1/2016,2660,2715,2670,2715,4792,129.18312,,,,,,,,,,
1/31/2016,2670,2670,2654,2660,1370,36.4308,,,,,,,,,,
1/28/2016,2640,2650,2640,2650,3019,79.885,,,,,,,,,,
1/27/2016,2655,2670,2635,2660,1417,37.64615,,,,,,,,,,
1/26/2016,2650,2660,2641,2655,3463,91.73243,,,,,,,,,,
1/25/2016,2695,2695,2650,2650,2357,62.543,,,,,,,,,,
1/24/2016,2645,2660,2600,2646,1389,36.7924,,,,,,,,,,
1/21/2016,2645,2645,2600,2645,1731,45.20722,,,,,,,,,,
1/20/2016,2650,2671,2645,2645,4939,131.36,,,,,,,,,,
1/19/2016,2651,2675,2645,2670,1428,38.0903,,,,,,,,,,
1/18/2016,2700,2715,2678,2687,2595,69.745,,,,,,,,,,
1/17/2016,2700,2728,2675,2700,2209,59.5425,,,,,,,,,,
1/14/2016,2625,2690,2625,2675,3450,91.992,,,,,,,,,,
1/13/2016,2596,2620,2585,2620,2249,58.57975,,,,,,,,,,
1/12/2016,2600,2605,2595,2597,1892,49.1779,,,,,,,,,,
1/11/2016,2590,2600,2575,2580,2034,52.67,,,,,,,,,,
1/10/2016,2590,2625,2545,2610,3215,83.06491,,,,,,,,,,
1/7/2016,2566,2600,2566,2590,1419,36.6763,,,,,,,,,,
1/6/2016,2550,2580,2550,2566,786,20.1816,,,,,,,,,,
1/5/2016,2549,2565,2549,2565,1097,28.0487,,,,,,,,,,
1/4/2016,2630,2590,2550,2555,805,20.695,,,,,,,,,,
1/3/2016,2615,2655,2615,2630,2378,62.521,,,,,,,,,,
12/31/2015,2552,2685,2552,2645,1924,50.7035,,,,,,,,,,
12/29/2015,2460,2615,2500,2600,5915,152.98909,,,,,,,,,,
12/28/2015,2495,2500,2460,2460,513,12.6748,,,,,,,,,,
12/27/2015,2503,2509,2495,2495,910,22.7496,,,,,,,,,,
12/24/2015,2510,2515,2501,2510,1113,27.9215,,,,,,,,,,
12/23/2015,2465,2525,2435,2520,2795,69.04267,,,,,,,,,,
12/22/2015,2450,2480,2450,2465,1698,41.8425,,,,,,,,,,
12/21/2015,2412,2439,2411,2439,3817,92.71972,,,,,,,,,,
12/20/2015,2400,2425,2405,2412,684,16.52302,,,,,,,,,,
12/17/2015,2400,2400,2390,2399,1047,25.1061,,,,,,,,,,
12/16/2015,2435,2455,2425,2425,4937,120.544,,,,,,,,,,
12/15/2015,2470,2470,2400,2411,2110,51.0792,,,,,,,,,,
12/14/2015,2524,2524,2452,2475,1702,42.0063,,,,,,,,,,
12/13/2015,2465,2480,2465,2475,1085,26.8434,,,,,,,,,,
12/10/2015,2460,2461,2430,2450,2189,53.6657,,,,,,,,,,
12/9/2015,2370,2441,2370,2435,2507,60.66,,,,,,,,,,
12/8/2015,2449,2498,2294,2365,7482,177.048,,,,,,,,,,
12/7/2015,2690,2750,2548,2548,9003,237.92,,,,,,,,,,
12/6/2015,2500,2680,2500,2680,5369,138.502,,,,,,,,,,
12/3/2015,2400,2488,2400,2462,3612,88.5911,,,,,,,,,,
12/2/2015,2460,2460,2430,2430,1560,38.0804,,,,,,,,,,
12/1/2015,2375,2465,2375,2465,1152,23.29645,,,,,,,,,,
11/30/2015,2367,2379,2350,2375,987,23.2872,,,,,,,,,,
11/29/2015,2401,2401,2320,2321,1824,42.8501,,,,,,,,,,
11/26/2015,2400,2405,2375,2400,4613,110.121,,,,,,,,,,
11/25/2015,2490,2490,2431,2431,2121,51.7336,,,,,,,,,,
11/24/2015,2450,2515,2450,2500,323,8.0499,,,,,,,,,,
11/23/2015,2450,2450,2401,2450,903,21.968,,,,,,,,,,
11/22/2015,2505,2508,2475,2492,5613,140.359,,,,,,,,,,
11/19/2015,2510,2535,2510,2534,1874,47.3338,,,,,,,,,,
11/18/2015,2550,2585,2550,2560,932,23.8728,,,,,,,,,,
11/16/2015,2550,2550,2520,2534,614,15.5392,,,,,,,,,,
11/15/2015,2590,2590,2505,2530,1544,39.0298,,,,,,,,,,
11/10/2015,2530,2590,2530,2590,2230,57.2654,,,,,,,,,,
11/9/2015,2554,2570,2540,2570,1451,37.1549,,,,,,,,,,
11/8/2015,2514,2515,2504,2507,1864,46.7049,,,,,,,,,,
11/5/2015,2540,2540,2500,2515,678,17.0421,,,,,,,,,,
11/4/2015,2500,2520,2500,2511,2382,59.6677,,,,,,,,,,
11/3/2015,2501,2511,2475,2509,1945,48.6595,,,,,,,,,,
11/2/2015,2540,2550,2500,2505,1818,46.02,,,,,,,,,,
11/1/2015,2480,2530,2480,2520,4581,114.674,,,,,,,,,,
10/29/2015,2489,2538,2470,2490,2299,57.1691,,,,,,,,,,
10/28/2015,2460,2489,2350,2489,5224,124.689,,,,,,,,,,
10/27/2015,2553,2553,2500,2503,1056,26.4681,,,,,,,,,,
10/25/2015,2615,2615,2592,2605,1327,34.4427,,,,,,,,,,
10/19/2015,2602,2660,2602,2653,1579,41.5027,,,,,,,,,,
10/18/2015,2655,2655,2591,2601,2455,64.1923,,,,,,,,,,
10/15/2015,2700,2735,2646,2700,2191,59.1399,,,,,,,,,,
10/14/2015,2750,2750,2720,2720,3866,105.752,,,,,,,,,,
10/11/2015,2760,2780,2751,2760,5002,137.926,,,,,,,,,,
10/8/2015,2770,2812,2760,2812,3307,92.3463,,,,,,,,,,
10/7/2015,2800,2800,2750,2798,5142,142.38,,,,,,,,,,
10/6/2015,2825,2830,2800,2808,6887,193.227,,,,,,,,,,
10/5/2015,2818,2856,2790,2850,2818,79.681,,,,,,,,,,
10/4/2015,2871,2900,2861,2875,4894,140.81,,,,,,,,,,
10/1/2015,2840,2865,2798,2815,3294,92.8078,,,,,,,,,,
9/30/2015,2760,2881,2760,2820,5578,156.246,,,,,,,,,,
9/29/2015,2710,2760,2710,2760,2186,59.9026,,,,,,,,,,
9/28/2015,2740,2745,2700,2730,2681,73.0744,,,,,,,,,,
9/24/2015,2800,2800,2775,2795,4729,131.902,,,,,,,,,,
9/23/2015,2756,2825,2755,2811,2143,59.5791,,,,,,,,,,
9/22/2015,2840,2840,2702,2702,5939,162.773,,,,,,,,,,
9/17/2015,2850,2860,2805,2840,4528,127.688,,,,,,,,,,
9/16/2015,2860,2895,2845,2851,6343,181.036,,,,,,,,,,
9/15/2015,2860,2888,2858,2873,3358,96.3623,,,,,,,,,,
9/14/2015,2853,2880,2800,2850,2703,76.9486,,,,,,,,,,
9/13/2015,2740,2803,2740,2798,1859,51.8136,,,,,,,,,,
9/10/2015,2761,2800,2761,2795,1305,36.3213,,,,,,,,,,
9/9/2015,2850,2850,2752,2800,3444,95.2804,,,,,,,,,,
9/8/2015,2800,2810,2790,2795,4368,122.293,,,,,,,,,,
9/7/2015,2800,2860,2799,2800,2629,73.8544,,,,,,,,,,
9/6/2015,2800,2804,2691,2775,4707,130.74,,,,,,,,,,
9/3/2015,2750,2800,2700,2800,4402,120.459,,,,,,,,,,
9/2/2015,2853,2860,2772,2800,2195,61.7734,,,,,,,,,,
9/1/2015,2922,2912,2850,2853,2211,63.80225,,,,,,,,,,
8/31/2015,2850,2950,2840,2922,5852,169.886,,,,,,,,,,
8/27/2015,2923,2900,2866,2892,3696,106.701,,,,,,,,,,
8/26/2015,2870,2880,2865,2866,2172,62.3798,,,,,,,,,,
8/25/2015,2843,2890,2790,2890,2990,85.0747,,,,,,,,,,
8/24/2015,2990,3005,2900,2900,3405,100.019,,,,,,,,,,
8/23/2015,2945,2980,2900,2941,7258,213.495,,,,,,,,,,
8/20/2015,3054,3150,2980,2999,2225,67.3328,,,,,,,,,,
8/19/2015,2990,3000,2990,2995,7133,213.864,,,,,,,,,,
8/18/2015,3065,3065,2920,2970,7087,210.166,,,,,,,,,,
8/17/2015,2968,3115,2920,3005,6956,208.843,,,,,,,,,,
8/16/2015,2750,2912,2750,2900,5844,166.808,,,,,,,,,,
8/13/2015,2655,2740,2655,2730,4922,133.501,,,,,,,,,,
8/12/2015,2645,2650,2590,2630,3873,101.117,,,,,,,,,,
8/11/2015,2680,2700,2600,2635,3335,88.3889,,,,,,,,,,
8/10/2015,2500,2706,2550,2680,1821,48.8747,,,,,,,,,,
8/9/2015,2328,2560,2374,2500,7467,186.3408,,,,,,,,,,
8/6/2015,2320,2345,2300,2328,6300,146.42871,,,,,,,,,,
8/5/2015,2338,2320,2265,2320,3982,91.8091,,,,,,,,,,
8/4/2015,2344,2350,2320,2338,5293,123.483,,,,,,,,,,
8/3/2015,2350,2346,2326,2344,4396,102.633,,,,,,,,,,
8/2/2015,2330,2350,2330,2350,3001,70.25336,,,,,,,,,,
7/30/2015,2295,2380,2285,2330,4608,106.86,,,,,,,,,,
7/29/2015,2301,2305,2260,2295,5289,120.769,,,,,,,,,,
7/28/2015,2390,2389,2275,2301,8939,208.787,,,,,,,,,,
7/27/2015,2199,2418,2206,2390,26161,614.65687,,,,,,,,,,
7/26/2015,2156,2199,2199,2199,21,0.46179,,,,,,,,,,
7/23/2015,1960,2156,1980,2156,4806,101.20499,,,,,,,,,,
7/22/2015,1926,1961,1926,1960,754,14.6942,,,,,,,,,,
7/16/2015,1928,1943,1930,1943,596,11.51155,,,,,,,,,,
7/15/2015,1920,1928,1910,1928,640,12.2654,,,,,,,,,,
7/14/2015,1924,1924,1911,1920,504,9.66296,,,,,,,,,,
7/13/2015,1949,1949,1910,1915,375,7.18105,,,,,,,,,,
7/12/2015,1940,1944,1890,1944,3215,61.3515,,,,,,,,,,
7/9/2015,1900,1928,1900,1925,1294,24.671,,,,,,,,,,
7/8/2015,1935,1935,1911,1911,1067,20.4273,,,,,,,,,,
7/7/2015,1876,1930,1876,1924,1263,24.0651,,,,,,,,,,
7/6/2015,1895,1904,1890,1904,768,14.553,,,,,,,,,,
7/5/2015,1912,1912,1900,1900,664,12.6557,,,,,,,,,,
7/2/2015,1910,1915,1896,1900,1668,31.7184,,,,,,,,,,
7/1/2015,1940,1940,1900,1925,1450,27.6223,,,,,,,,,,
6/30/2015,1945,1977,1939,1977,237,4.60365,,,,,,,,,,
6/29/2015,1900,1915,1890,1915,1501,28.6075,,,,,,,,,,
6/28/2015,1885,1900,1880,1900,1561,29.4403,,,,,,,,,,
6/25/2015,1885,1910,1880,1885,1270,23.9798,,,,,,,,,,
6/24/2015,1880,1890,1875,1885,592,11.1382,,,,,,,,,,
6/23/2015,1885,1887,1875,1879,2352,44.1704,,,,,,,,,,
6/22/2015,1885,1892,1875,1889,756,14.233,,,,,,,,,,
6/21/2015,1875,1905,1865,1880,807,15.22545,,,,,,,,,,
6/18/2015,1899,1900,1875,1875,476,8.93275,,,,,,,,,,
6/17/2015,1905,1910,1899,1899,972,18.495,,,,,,,,,,
6/16/2015,1910,1910,1905,1905,134,2.55775,,,,,,,,,,
6/15/2015,1902,1935,1890,1910,628,11.9539,,,,,,,,,,
6/14/2015,1950,1955,1901,1902,905,17.31649,,,,,,,,,,
6/11/2015,1999,1966,1915,1950,1368,26.42462,,,,,,,,,,
6/10/2015,2000,2000,1979,1999,733,14.57176,,,,,,,,,,
6/9/2015,1924,2041,1962,2000,3008,60.01891,,,,,,,,,,
6/8/2015,1915,1950,1900,1924,2497,47.86727,,,,,,,,,,
6/7/2015,1900,1915,1870,1915,1411,26.5247,,,,,,,,,,
6/4/2015,1890,1900,1853,1900,1527,28.56598,,,,,,,,,,
6/3/2015,1850,1926,1840,1890,3913,73.68891,,,,,,,,,,
6/2/2015,1840,1850,1813,1850,2771,50.4178,,,,,,,,,,
6/1/2015,1829,1864,1795,1825,6131,111.434,,,,,,,,,,
5/31/2015,1689,1850,1710,1829,1038,18.7606,,,,,,,,,,
5/28/2015,1640,1689,1639,1689,1312,21.8366,,,,,,,,,,
5/27/2015,1769,1734,1640,1640,4098,67.7627,,,,,,,,,,
5/26/2015,1965,1926,1769,1769,229,4.21121,,,,,,,,,,
4/23/2015,1969,1969,1941,1965,903,17.6017,,,,,,,,,,
4/22/2015,1999,1975,1970,1970,463,9.12885,,,,,,,,,,
4/21/2015,1980,2015,1960,1999,1185,23.37415,,,,,,,,,,
4/20/2015,1964,1980,1980,1980,35,0.693,,,,,,,,,,
4/19/2015,1980,1965,1921,1964,322,6.26002,,,,,,,,,,
4/16/2015,1935,1980,1897,1980,25054,475.49816,,,,,,,,,,
4/15/2015,1959,1935,1915,1935,2057,39.5942,,,,,,,,,,
4/13/2015,1990,1960,1921,1959,391,7.55847,,,,,,,,,,
4/12/2015,1940,1990,1951,1990,1444,28.24907,,,,,,,,,,
4/9/2015,1944,1965,1935,1940,1173,22.79507,,,,,,,,,,
4/8/2015,1912,1952,1923,1944,208,4.02414,,,,,,,,,,
4/7/2015,1955,1925,1900,1912,1328,25.35809,,,,,,,,,,
4/6/2015,1930,1955,1880,1955,851,16.23002,,,,,,,,,,
4/5/2015,1943,1935,1920,1930,146,2.8128,,,,,,,,,,
4/2/2015,1939,1944,1917,1943,2030,39.20722,,,,,,,,,,
4/1/2015,1938,1939,1910,1939,680,13.06567,,,,,,,,,,
3/31/2015,1945,1940,1920,1938,1541,29.71795,,,,,,,,,,
3/30/2015,1935,1945,1910,1945,546,10.45475,,,,,,,,,,
3/29/2015,1930,1935,1900,1935,285,5.4433,,,,,,,,,,
3/26/2015,1920,1945,1910,1930,869,16.6796,,,,,,,,,,
3/25/2015,1930,1925,1914,1920,1946,37.35508,,,,,,,,,,
3/24/2015,1929,1932,1915,1930,681,13.11832,,,,,,,,,,
3/23/2015,1941,1929,1916,1929,1223,23.46685,,,,,,,,,,
3/22/2015,1960,1970,1930,1941,1771,34.59924,,,,,,,,,,
3/19/2015,1938,1975,1950,1960,1626,31.81349,,,,,,,,,,
3/18/2015,1955,1940,1920,1938,1635,31.48905,,,,,,,,,,
3/17/2015,1950,1980,1915,1955,3701,71.59724,,,,,,,,,,
3/16/2015,2010,1975,1937,1950,673,13.09985,,,,,,,,,,
3/15/2015,2025,2010,1990,2010,358,7.16816,,,,,,,,,,
3/12/2015,2065,2030,2024,2025,460,9.318,,,,,,,,,,
3/11/2015,2055,2068,2040,2065,1095,22.5161,,,,,,,,,,
3/10/2015,2050,2055,2030,2055,1027,20.9192,,,,,,,,,,
3/9/2015,2005,2080,2032,2050,3468,71.168,,,,,,,,,,
3/4/2015,2000,2019,2002,2005,1236,24.8098,,,,,,,,,,
3/3/2015,2030,2020,2000,2000,350,7.01,,,,,,,,,,
3/2/2015,2000,2030,2000,2030,733,14.7849,,,,,,,,,,
3/1/2015,2011,2000,2000,2000,55,1.1,,,,,,,,,,
2/26/2015,2000,2000,2000,2000,30,0.6,,,,,,,,,,
2/25/2015,1990,2000,2000,2000,48,0.96,,,,,,,,,,
2/24/2015,2045,2005,1990,1990,1853,36.9317,,,,,,,,,,
2/23/2015,1990,2045,1985,2045,1555,31.0259,,,,,,,,,,
2/22/2015,2040,2020,1990,1990,1349,26.9103,,,,,,,,,,
2/18/2015,2070,2045,2030,2040,357,7.2792,,,,,,,,,,
2/16/2015,2081,2070,2070,2070,65,1.3455,,,,,,,,,,
2/15/2015,2050,2081,2040,2081,1447,29.7343,,,,,,,,,,
2/12/2015,2075,2075,2034,2050,1053,21.6184,,,,,,,,,,
2/11/2015,2080,2075,2061,2075,361,7.46361,,,,,,,,,,
2/10/2015,2100,2100,2055,2080,2002,41.3084,,,,,,,,,,
2/9/2015,2121,2120,2100,2100,1550,32.7681,,,,,,,,,,
2/8/2015,2155,2148,2121,2121,1085,23.17975,,,,,,,,,,
2/5/2015,2178,2165,2135,2155,1332,28.71189,,,,,,,,,,
2/4/2015,2150,2185,2170,2178,1232,26.78985,,,,,,,,,,
2/3/2015,2150,2160,2145,2150,1676,36.04189,,,,,,,,,,
2/2/2015,2150,2170,2150,2150,910,19.66063,,,,,,,,,,
2/1/2015,2120,2150,2123,2150,1477,31.46996,,,,,,,,,,
1/29/2015,2101,2170,2100,2120,2119,45.18724,,,,,,,,,,
1/28/2015,2080,2135,2100,2101,2684,56.57532,,,,,,,,,,
1/27/2015,2050,2081,2050,2080,1144,23.68213,,,,,,,,,,
1/26/2015,2043,2075,2050,2050,1382,28.44155,,,,,,,,,,
1/25/2015,2015,2055,2000,2043,1389,28.25981,,,,,,,,,,
1/22/2015,2060,2049,1984,2015,1695,33.98599,,,,,,,,,,
1/20/2015,2013,2060,1973,2060,1538,31.38901,,,,,,,,,,
1/19/2015,1830,2013,1800,2013,141574,2556.75572,,,,,,,,,,
1/18/2015,1920,1947,1830,1830,108586,2009.06061,,,,,,,,,,
1/14/2015,1915,1951,1912,1920,2068,39.71757,,,,,,,,,,
1/13/2015,1921,1940,1906,1915,887,16.98268,,,,,,,,,,
1/12/2015,1945,1945,1912,1921,801,15.44681,,,,,,,,,,
1/11/2015,1945,1966,1935,1945,1221,23.79034,,,,,,,,,,
1/8/2015,1925,1946,1940,1945,249,4.84086,,,,,,,,,,
1/7/2015,1903,1941,1903,1925,1092,21.00641,,,,,,,,,,
1/6/2015,1949,1950,1900,1903,1312,25.23257,,,,,,,,,,
1/5/2015,1939,1955,1939,1949,2540,49.44688,,,,,,,,,,
1/4/2015,1915,1940,1920,1939,1946,37.58425,,,,,,,,,,
1/1/2015,1920,1915,1915,1915,79,1.51285,,,,,,,,,,
12/31/2014,1955,1955,1920,1920,223,4.30715,,,,,,,,,,
12/29/2014,1930,1975,1950,1955,556,10.8856,,,,,,,,,,
12/28/2014,1906,1942,1920,1930,1357,26.135,,,,,,,,,,
12/24/2014,1861,1906,1852,1906,1169,21.8118,,,,,,,,,,
12/23/2014,1900,1878,1861,1861,179,3.34025,,,,,,,,,,
12/22/2014,1920,1900,1900,1900,216,4.104,,,,,,,,,,
12/21/2014,1920,1920,1920,1920,112,2.1504,,,,,,,,,,
12/18/2014,1911,1945,1900,1920,845,16.19176,,,,,,,,,,
12/17/2014,1990,1960,1911,1911,723,13.91442,,,,,,,,,,
12/16/2014,1979,1990,1913,1990,2800,54.76344,,,,,,,,,,
12/15/2014,1922,1999,1917,1979,2437,47.54315,,,,,,,,,,
12/14/2014,1849,1922,1885,1922,2363,44.88825,,,,,,,,,,
12/11/2014,1798,1849,1810,1849,1026,18.88721,,,,,,,,,,
12/10/2014,1765,1800,1750,1798,2008,35.45925,,,,,,,,,,
12/9/2014,1770,1765,1765,1765,60,1.059,,,,,,,,,,
12/8/2014,1760,1770,1750,1770,990,17.4149,,,,,,,,,,
12/7/2014,1779,1770,1751,1760,264,4.649,,,,,,,,,,
12/4/2014,1761,1805,1768,1779,4025,71.6772,,,,,,,,,,
12/3/2014,1730,1770,1760,1761,613,10.80733,,,,,,,,,,
12/2/2014,1789,1789,1730,1730,422,7.4384,,,,,,,,,,
12/1/2014,1765,1789,1754,1789,2393,42.19122,,,,,,,,,,
11/30/2014,1750,1765,1750,1765,482,8.444,,,,,,,,,,
11/25/2014,1716,1750,1716,1750,457,7.89385,,,,,,,,,,
11/24/2014,1730,1750,1700,1716,5636,96.14108,,,,,,,,,,
11/23/2014,1730,1764,1730,1730,1146,20.03144,,,,,,,,,,
11/20/2014,1735,1760,1730,1730,2954,51.59126,,,,,,,,,,
11/19/2014,1719,1740,1710,1735,2191,37.88045,,,,,,,,,,
11/18/2014,1728,1725,1657,1719,2352,39.68972,,,,,,,,,,
11/17/2014,1761,1735,1727,1728,529,9.1456,,,,,,,,,,
11/16/2014,1780,1805,1750,1761,449,7.91195,,,,,,,,,,
11/13/2014,1790,1820,1775,1780,1164,20.79,,,,,,,,,,
11/12/2014,1775,1840,1790,1790,1000,18.05632,,,,,,,,,,
11/11/2014,1775,1810,1775,1775,439,7.81485,,,,,,,,,,
11/10/2014,1810,1780,1751,1775,564,9.93048,,,,,,,,,,
11/9/2014,1833,1830,1780,1810,1376,24.79167,,,,,,,,,,
11/6/2014,1842,1835,1810,1833,1479,27.07764,,,,,,,,,,
11/5/2014,1800,1842,1830,1842,444,8.1601,,,,,,,,,,
11/4/2014,1860,1823,1786,1800,1365,24.61913,,,,,,,,,,
11/3/2014,1948,1910,1851,1860,1806,33.6954,,,,,,,,,,
11/2/2014,1945,1948,1880,1948,1984,37.8113,,,,,,,,,,
10/30/2014,2126,2159,2120,2140,20195,432.50399,,,,,,,,,,
10/28/2014,2098,2149,2097,2126,6816,144.03178,,,,,,,,,,
10/27/2014,2125,2130,2098,2098,1908,40.17388,,,,,,,,,,
10/26/2014,2118,2190,2125,2125,274,5.90185,,,,,,,,,,
10/22/2014,2120,2118,2100,2118,2332,49.20994,,,,,,,,,,
10/21/2014,2100,2129,2100,2120,1961,41.33842,,,,,,,,,,
10/20/2014,2104,2142,2080,2100,1743,36.45488,,,,,,,,,,
10/19/2014,2095,2155,2100,2104,1127,23.78778,,,,,,,,,,
10/16/2014,2075,2110,2078,2095,2374,49.70763,,,,,,,,,,
10/15/2014,2100,2110,2070,2075,2338,48.68431,,,,,,,,,,
10/14/2014,2068,2108,2080,2100,1124,23.42338,,,,,,,,,,
10/13/2014,2065,2106,2065,2068,768,15.8834,,,,,,,,,,
10/12/2014,2114,2116,2065,2065,341,7.11185,,,,,,,,,,
10/9/2014,2090,2114,2070,2114,740,15.42584,,,,,,,,,,
10/8/2014,2095,2100,2055,2090,583,12.06078,,,,,,,,,,
9/30/2014,2099,2140,2090,2095,3329,70.15416,,,,,,,,,,
9/29/2014,2061,2100,2000,2099,5523,112.51295,,,,,,,,,,
9/28/2014,2290,2250,2061,2061,2685,55.39546,,,,,,,,,,
9/24/2014,2205,2293,2205,2290,1237,27.91045,,,,,,,,,,
9/23/2014,2160,2230,2185,2205,1236,27.21542,,,,,,,,,,
9/22/2014,2210,2210,2151,2160,623,13.48191,,,,,,,,,,
9/21/2014,2270,2230,2150,2210,946,20.67978,,,,,,,,,,
9/17/2014,2295,2300,2260,2280,2396,54.67753,,,,,,,,,,
9/16/2014,2251,2295,2240,2295,2790,63.01489,,,,,,,,,,
9/15/2014,2221,2340,2250,2251,4385,100.04164,,,,,,,,,,
9/14/2014,2285,2255,2210,2221,2372,52.81497,,,,,,,,,,
9/11/2014,2255,2285,2212,2285,2674,59.82765,,,,,,,,,,
9/10/2014,2299,2380,2250,2255,4411,101.56813,,,,,,,,,,
9/9/2014,2120,2299,2100,2299,2873,62.94876,,,,,,,,,,
9/7/2014,2300,2260,2120,2120,1372,29.96211,,,,,,,,,,
9/4/2014,2335,2330,2260,2300,1775,40.63044,,,,,,,,,,
9/3/2014,2330,2420,2330,2335,2862,67.38219,,,,,,,,,,
9/1/2014,2430,2435,2188,2330,3059,71.3904,,,,,,,,,,
8/31/2014,2500,2550,2400,2430,4936,121.31375,,,,,,,,,,
8/28/2014,2410,2500,2445,2500,3818,94.29879,,,,,,,,,,
8/27/2014,2298,2430,2343,2410,2923,69.94826,,,,,,,,,,
8/26/2014,2448,2488,2290,2298,6046,144.66709,,,,,,,,,,
8/25/2014,2554,2604,2400,2448,3606,89.12451,,,,,,,,,,
8/24/2014,2715,2700,2550,2554,3977,103.6768,,,,,,,,,,
8/21/2014,2520,2715,2400,2715,2841,69.79524,,,,,,,,,,
8/20/2014,2591,2605,2499,2520,3451,87.80851,,,,,,,,,,
8/19/2014,2610,2650,2580,2591,2723,70.93709,,,,,,,,,,
8/18/2014,2701,2710,2600,2610,2739,72.97826,,,,,,,,,,
8/14/2014,2600,2701,2650,2701,1253,33.38016,,,,,,,,,,
8/13/2014,2630,2681,2510,2600,5041,130.43258,,,,,,,,,,
8/12/2014,2696,2715,2620,2630,1616,42.86321,,,,,,,,,,
8/7/2014,2725,2700,2652,2696,3139,84.27639,,,,,,,,,,
8/6/2014,2705,2725,2690,2725,1651,44.65311,,,,,,,,,,
8/5/2014,2700,2775,2700,2705,2009,55.05927,,,,,,,,,,
8/4/2014,2732,2750,2700,2700,5731,155.79942,,,,,,,,,,
8/3/2014,2800,2805,2732,2732,3795,104.88405,,,,,,,,,,
7/31/2014,2830,2828,2790,2800,4553,127.83336,,,,,,,,,,
7/30/2014,2865,2875,2820,2830,1254,35.74092,,,,,,,,,,
7/28/2014,2920,2900,2840,2865,1007,28.7211,,,,,,,,,,
7/27/2014,2950,2980,2910,2920,901,26.31399,,,,,,,,,,
7/24/2014,2980,2980,2890,2950,2417,70.87755,,,,,,,,,,
7/23/2014,2970,3000,2961,2980,2944,87.62556,,,,,,,,,,
7/22/2014,2995,2999,2921,2970,6116,181.48886,,,,,,,,,,
7/21/2014,3023,3010,2948,2995,6358,190.03688,,,,,,,,,,
7/20/2014,2917,3094,2950,3023,8254,247.64937,,,,,,,,,,
7/17/2014,2799,2917,2790,2917,7689,218.64598,,,,,,,,,,
7/16/2014,2775,2830,2750,2799,8189,229.2068,,,,,,,,,,
7/15/2014,2791,2799,2765,2775,5364,148.89155,,,,,,,,,,
7/14/2014,2770,2795,2710,2791,4243,116.84589,,,,,,,,,,
7/13/2014,2735,2900,2700,2770,11426,316.99009,,,,,,,,,,
7/10/2014,2651,2735,2611,2735,8791,235.8975,,,,,,,,,,
7/9/2014,2535,2675,2550,2651,4933,127.83626,,,,,,,,,,
7/8/2014,2490,2560,2500,2535,5018,126.36002,,,,,,,,,,
7/7/2014,2488,2510,2480,2490,4362,108.86974,,,,,,,,,,
7/6/2014,2488,2510,2470,2488,3076,76.39148,,,,,,,,,,
7/3/2014,2490,2498,2445,2488,2875,71.11405,,,,,,,,,,
7/2/2014,2460,2500,2465,2490,2203,54.51322,,,,,,,,,,
7/1/2014,2498,2500,2460,2460,1508,37.39326,,,,,,,,,,
6/30/2014,2492,2500,2477,2498,1613,40.14209,,,,,,,,,,
6/29/2014,2500,2510,2492,2492,4945,123.58474,,,,,,,,,,
6/26/2014,2465,2500,2432,2500,6189,153.09988,,,,,,,,,,
6/25/2014,2415,2465,2400,2465,7769,189.60677,,,,,,,,,,
6/24/2014,2379,2462,2350,2415,4177,100.38325,,,,,,,,,,
6/23/2014,2448,2450,2355,2379,1753,41.90673,,,,,,,,,,
6/19/2014,2431,2448,2385,2448,10783,258.97108,,,,,,,,,,
6/18/2014,2480,2525,2431,2431,8749,216.3763,,,,,,,,,,
6/17/2014,2598,2600,2410,2480,20095,498.01513,,,,,,,,,,
6/16/2014,2376,2598,2400,2598,24239,604.86365,,,,,,,,,,
6/15/2014,2160,2376,2200,2376,13313,313.58469,,,,,,,,,,
6/12/2014,1995,2160,2009,2160,12425,254.40594,,,,,,,,,,
6/11/2014,1995,2022,1995,1995,7147,143.41197,,,,,,,,,,
6/10/2014,1990,2009,1990,1995,6384,127.64076,,,,,,,,,,
6/9/2014,1975,2014,1975,1990,6062,120.66255,,,,,,,,,,
6/8/2014,1924,1999,1910,1975,11030,216.24386,,,,,,,,,,
6/5/2014,1901,1924,1900,1924,3451,65.82563,,,,,,,,,,
6/4/2014,1880,1901,1865,1901,2009,37.85557,,,,,,,,,,
6/3/2014,1833,1897,1830,1880,3834,71.18663,,,,,,,,,,
6/2/2014,1790,1841,1800,1833,4299,77.9936,,,,,,,,,,
6/1/2014,1790,1805,1780,1790,1757,31.53451,,,,,,,,,,
5/28/2014,1765,1790,1764,1790,1157,20.59875,,,,,,,,,,
5/27/2014,1804,1800,1765,1765,1764,31.42759,,,,,,,,,,
5/26/2014,1800,1808,1796,1804,1223,22.01964,,,,,,,,,,
5/25/2014,1775,1810,1774,1800,2835,50.51091,,,,,,,,,,
5/22/2014,1770,1775,1760,1775,2100,37.0529,,,,,,,,,,
5/21/2014,1783,1775,1760,1770,1439,25.44577,,,,,,,,,,
5/20/2014,1772,1786,1760,1783,638,11.33556,,,,,,,,,,
5/19/2014,1799,1799,1760,1772,787,14.01769,,,,,,,,,,
5/18/2014,1797,1805,1791,1799,1368,24.59904,,,,,,,,,,
5/15/2014,1799,1810,1790,1797,2565,46.11578,,,,,,,,,,
5/13/2014,1775,1800,1760,1799,5902,105.85105,,,,,,,,,,
5/12/2014,1804,1810,1775,1775,702,12.5342,,,,,,,,,,
5/11/2014,1810,1845,1790,1804,2179,39.40421,,,,,,,,,,
5/8/2014,1813,1815,1777,1810,2110,37.72143,,,,,,,,,,
5/7/2014,1821,1850,1800,1813,2990,54.25407,,,,,,,,,,
5/6/2014,1800,1850,1810,1821,2229,40.65889,,,,,,,,,,
5/5/2014,1795,1800,1799,1800,609,10.96152,,,,,,,,,,
5/4/2014,1799,1800,1795,1795,65,1.16925,,,,,,,,,,
4/30/2014,1751,1820,1785,1799,549,9.88647,,,,,,,,,,
4/29/2014,1750,1775,1743,1751,1148,20.06038,,,,,,,,,,
4/28/2014,1795,1794,1750,1750,965,17.0409,,,,,,,,,,
4/27/2014,1805,1800,1780,1795,944,16.91543,,,,,,,,,,
4/23/2014,1795,1815,1795,1805,1531,27.63493,,,,,,,,,,
4/22/2014,1795,1810,1780,1795,716,12.83615,,,,,,,,,,
4/21/2014,1775,1795,1750,1795,2658,46.93173,,,,,,,,,,
4/20/2014,1758,1775,1760,1775,523,9.2518,,,,,,,,,,
4/17/2014,1780,1775,1755,1758,1920,33.78948,,,,,,,,,,
4/16/2014,1805,1790,1780,1780,956,17.07284,,,,,,,,,,
4/15/2014,1818,1830,1800,1805,1755,31.88835,,,,,,,,,,
4/13/2014,1800,1824,1800,1818,1821,32.98672,,,,,,,,,,
4/10/2014,1748,1801,1740,1800,4479,78.49164,,,,,,,,,,
4/9/2014,1743,1748,1740,1748,1625,28.30311,,,,,,,,,,
4/7/2014,1750,1755,1722,1743,2041,35.2848,,,,,,,,,,
4/6/2014,1771,1771,1740,1750,1479,25.8891,,,,,,,,,,
4/3/2014,1780,1786,1770,1771,2291,40.6795,,,,,,,,,,
4/2/2014,1775,1780,1755,1780,1206,21.36622,,,,,,,,,,
4/1/2014,1760,1775,1750,1775,1933,33.96436,,,,,,,,,,
3/31/2014,1760,1764,1750,1760,1918,33.62852,,,,,,,,,,
3/27/2014,1760,1795,1740,1760,1289,22.59969,,,,,,,,,,
3/26/2014,1791,1795,1745,1760,1425,25.30265,,,,,,,,,,
3/25/2014,1791,1800,1777,1791,694,12.43448,,,,,,,,,,
3/24/2014,1800,1800,1790,1791,404,7.23517,,,,,,,,,,
3/23/2014,1790,1800,1760,1800,644,11.4353,,,,,,,,,,
3/20/2014,1735,1790,1740,1790,361,6.33408,,,,,,,,,,
3/19/2014,1692,1735,1715,1735,196,3.3816,,,,,,,,,,
3/18/2014,1750,1725,1692,1692,1252,21.30059,,,,,,,,,,
3/17/2014,1795,1785,1745,1750,461,8.1009,,,,,,,,,,
3/13/2014,1781,1810,1790,1795,551,9.8995,,,,,,,,,,
3/12/2014,1810,1810,1781,1781,1677,30.14787,,,,,,,,,,
3/11/2014,1822,1829,1805,1810,1726,31.31111,,,,,,,,,,
3/10/2014,1846,1822,1800,1822,946,17.13866,,,,,,,,,,
3/9/2014,1865,1865,1835,1846,748,13.78614,,,,,,,,,,
3/6/2014,1865,1875,1835,1865,1268,23.33731,,,,,,,,,,
3/5/2014,1850,1892,1800,1865,4205,76.72985,,,,,,,,,,
3/4/2014,1900,1900,1833,1850,957,17.81497,,,,,,,,,,
3/3/2014,1919,1946,1896,1900,2073,39.48537,,,,,,,,,,
2/26/2014,1940,1960,1915,1919,1191,22.91857,,,,,,,,,,
2/25/2014,1930,1945,1930,1940,1743,33.7865,,,,,,,,,,
2/24/2014,1932,1951,1930,1930,8412,162.66364,,,,,,,,,,
2/23/2014,1925,1968,1930,1932,2299,44.44463,,,,,,,,,,
2/20/2014,1951,1950,1912,1925,661,12.77185,,,,,,,,,,
2/18/2014,1935,1955,1932,1951,2771,53.85637,,,,,,,,,,
2/17/2014,1929,1955,1929,1935,2018,39.02326,,,,,,,,,,
2/16/2014,1950,1930,1892,1929,916,17.46645,,,,,,,,,,
2/13/2014,1940,1958,1930,1950,1134,22.02384,,,,,,,,,,
2/12/2014,1960,1955,1940,1940,1394,27.08005,,,,,,,,,,
2/11/2014,1975,1980,1940,1960,3381,66.12362,,,,,,,,,,
2/10/2014,1930,2020,1962,1975,1547,30.69129,,,,,,,,,,
2/9/2014,1941,1945,1930,1930,2441,47.17067,,,,,,,,,,
2/6/2014,1940,1976,1940,1941,1074,20.95516,,,,,,,,,,
2/5/2014,1941,1945,1930,1940,2072,40.1031,,,,,,,,,,
2/4/2014,1907,1941,1890,1941,709,13.46249,,,,,,,,,,
2/3/2014,1950,1945,1902,1907,3440,66.17611,,,,,,,,,,
2/2/2014,1956,1961,1950,1950,3499,68.23851,,,,,,,,,,
1/29/2014,1950,1960,1950,1956,1848,36.07116,,,,,,,,,,
1/28/2014,1952,1960,1950,1950,2009,39.20051,,,,,,,,,,
1/27/2014,1954,1970,1950,1952,2652,51.76824,,,,,,,,,,
1/26/2014,1990,1970,1952,1954,2139,41.84665,,,,,,,,,,
1/23/2014,1953,2004,1950,1990,4782,93.38983,,,,,,,,,,
1/22/2014,1955,1955,1940,1953,3884,75.61336,,,,,,,,,,
1/21/2014,1950,1975,1950,1955,4879,95.74401,,,,,,,,,,
1/20/2014,1975,1975,1950,1950,3366,66.32465,,,,,,,,,,
1/19/2014,1954,1990,1957,1975,2359,46.50565,,,,,,,,,,
1/16/2014,1951,1980,1950,1954,3531,69.22744,,,,,,,,,,
1/14/2014,1960,1961,1950,1951,1036,20.22825,,,,,,,,,,
1/13/2014,2001,2012,1960,1960,793,15.65442,,,,,,,,,,
1/12/2014,1990,2010,1975,2001,385,7.67654,,,,,,,,,,
1/9/2014,2000,2015,1980,1990,559,11.14751,,,,,,,,,,
1/8/2014,1990,2020,2000,2000,1334,26.71921,,,,,,,,,,
1/7/2014,1996,2000,1960,1990,1438,28.45595,,,,,,,,,,
1/6/2014,2000,2003,1995,1996,907,18.13229,,,,,,,,,,
1/5/2014,2015,2015,2000,2000,750,15.02954,,,,,,,,,,
1/2/2014,1970,2015,1950,2015,2139,41.93778,,,,,,,,,,
1/1/2014,2025,2020,1970,1970,930,18.56931,,,,,,,,,,
